user_id,cluster,segment
R00000,1,Dormant
R00001,2,At-Risk
R00002,0,Champions
R00004,0,Champions
R00005,2,At-Risk
R00006,1,Dormant
R00007,0,Champions
R00009,1,Dormant
R00010,0,Champions
R00012,2,At-Risk
R00013,1,Dormant
R00014,0,Champions
R00015,0,Champions
R00016,2,At-Risk
R00017,2,At-Risk
R00020,0,Champions
R00021,2,At-Risk
R00022,2,At-Risk
R00023,2,At-Risk
R00025,2,At-Risk
R00026,2,At-Risk
R00027,0,Champions
R00029,3,Loyal Riders
R00030,3,Loyal Riders
R00031,0,Champions
R00032,2,At-Risk
R00033,0,Champions
R00034,0,Champions
R00035,2,At-Risk
R00036,2,At-Risk
R00037,1,Dormant
R00038,2,At-Risk
R00039,2,At-Risk
R00040,2,At-Risk
R00041,2,At-Risk
R00042,2,At-Risk
R00043,0,Champions
R00044,1,Dormant
R00045,1,Dormant
R00046,2,At-Risk
R00047,0,Champions
R00048,0,Champions
R00049,2,At-Risk
R00050,1,Dormant
R00051,2,At-Risk
R00052,0,Champions
R00053,2,At-Risk
R00054,2,At-Risk
R00055,0,Champions
R00056,1,Dormant
R00058,2,At-Risk
R00060,3,Loyal Riders
R00061,1,Dormant
R00062,1,Dormant
R00064,0,Champions
R00065,0,Champions
R00066,1,Dormant
R00067,1,Dormant
R00068,0,Champions
R00069,2,At-Risk
R00070,0,Champions
R00071,2,At-Risk
R00072,2,At-Risk
R00073,0,Champions
R00074,2,At-Risk
R00075,0,Champions
R00077,3,Loyal Riders
R00078,0,Champions
R00079,0,Champions
R00080,1,Dormant
R00081,1,Dormant
R00082,0,Champions
R00083,3,Loyal Riders
R00084,3,Loyal Riders
R00085,1,Dormant
R00086,3,Loyal Riders
R00087,2,At-Risk
R00088,2,At-Risk
R00089,3,Loyal Riders
R00090,0,Champions
R00091,1,Dormant
R00092,0,Champions
R00093,2,At-Risk
R00094,2,At-Risk
R00095,1,Dormant
R00096,0,Champions
R00097,1,Dormant
R00098,2,At-Risk
R00099,0,Champions
R00100,0,Champions
R00101,0,Champions
R00102,2,At-Risk
R00104,0,Champions
R00105,0,Champions
R00106,0,Champions
R00108,2,At-Risk
R00109,2,At-Risk
R00110,1,Dormant
R00111,2,At-Risk
R00112,0,Champions
R00113,0,Champions
R00114,0,Champions
R00115,2,At-Risk
R00116,0,Champions
R00117,0,Champions
R00118,1,Dormant
R00119,2,At-Risk
R00120,3,Loyal Riders
R00121,2,At-Risk
R00122,1,Dormant
R00123,2,At-Risk
R00124,0,Champions
R00125,0,Champions
R00126,0,Champions
R00127,2,At-Risk
R00128,2,At-Risk
R00129,0,Champions
R00130,2,At-Risk
R00131,0,Champions
R00132,2,At-Risk
R00133,0,Champions
R00134,1,Dormant
R00135,1,Dormant
R00136,3,Loyal Riders
R00137,2,At-Risk
R00138,1,Dormant
R00139,1,Dormant
R00140,0,Champions
R00141,1,Dormant
R00142,0,Champions
R00144,0,Champions
R00145,0,Champions
R00146,0,Champions
R00147,0,Champions
R00148,2,At-Risk
R00149,1,Dormant
R00150,1,Dormant
R00151,0,Champions
R00152,1,Dormant
R00153,2,At-Risk
R00154,2,At-Risk
R00155,0,Champions
R00157,3,Loyal Riders
R00158,2,At-Risk
R00159,0,Champions
R00160,2,At-Risk
R00162,0,Champions
R00163,2,At-Risk
R00164,0,Champions
R00165,0,Champions
R00166,2,At-Risk
R00167,3,Loyal Riders
R00168,0,Champions
R00169,2,At-Risk
R00170,2,At-Risk
R00171,2,At-Risk
R00172,2,At-Risk
R00173,1,Dormant
R00174,0,Champions
R00175,2,At-Risk
R00176,2,At-Risk
R00177,1,Dormant
R00178,0,Champions
R00179,1,Dormant
R00180,2,At-Risk
R00182,2,At-Risk
R00183,0,Champions
R00184,0,Champions
R00185,2,At-Risk
R00186,2,At-Risk
R00187,1,Dormant
R00188,2,At-Risk
R00190,1,Dormant
R00191,2,At-Risk
R00192,3,Loyal Riders
R00193,0,Champions
R00195,0,Champions
R00196,0,Champions
R00197,1,Dormant
R00198,2,At-Risk
R00200,2,At-Risk
R00201,2,At-Risk
R00202,1,Dormant
R00203,2,At-Risk
R00204,2,At-Risk
R00205,0,Champions
R00206,2,At-Risk
R00207,0,Champions
R00208,1,Dormant
R00209,2,At-Risk
R00210,0,Champions
R00211,2,At-Risk
R00212,0,Champions
R00213,2,At-Risk
R00215,0,Champions
R00216,0,Champions
R00217,2,At-Risk
R00218,0,Champions
R00219,0,Champions
R00220,0,Champions
R00221,0,Champions
R00222,2,At-Risk
R00223,1,Dormant
R00224,0,Champions
R00225,2,At-Risk
R00227,2,At-Risk
R00228,2,At-Risk
R00229,0,Champions
R00230,2,At-Risk
R00231,2,At-Risk
R00232,0,Champions
R00233,0,Champions
R00234,3,Loyal Riders
R00235,0,Champions
R00236,0,Champions
R00237,0,Champions
R00238,2,At-Risk
R00239,2,At-Risk
R00240,3,Loyal Riders
R00241,0,Champions
R00242,2,At-Risk
R00243,2,At-Risk
R00244,2,At-Risk
R00245,3,Loyal Riders
R00246,2,At-Risk
R00247,1,Dormant
R00249,2,At-Risk
R00250,0,Champions
R00251,2,At-Risk
R00252,2,At-Risk
R00253,0,Champions
R00254,0,Champions
R00255,3,Loyal Riders
R00256,3,Loyal Riders
R00257,0,Champions
R00258,1,Dormant
R00259,2,At-Risk
R00260,2,At-Risk
R00261,2,At-Risk
R00262,0,Champions
R00263,2,At-Risk
R00264,1,Dormant
R00265,2,At-Risk
R00266,0,Champions
R00267,0,Champions
R00268,2,At-Risk
R00269,0,Champions
R00270,0,Champions
R00271,2,At-Risk
R00272,0,Champions
R00274,1,Dormant
R00275,2,At-Risk
R00276,2,At-Risk
R00278,0,Champions
R00279,2,At-Risk
R00280,1,Dormant
R00281,0,Champions
R00282,2,At-Risk
R00283,1,Dormant
R00284,0,Champions
R00285,2,At-Risk
R00286,1,Dormant
R00287,2,At-Risk
R00288,1,Dormant
R00289,2,At-Risk
R00290,3,Loyal Riders
R00291,2,At-Risk
R00292,1,Dormant
R00293,0,Champions
R00295,2,At-Risk
R00296,2,At-Risk
R00298,1,Dormant
R00299,2,At-Risk
R00300,2,At-Risk
R00301,2,At-Risk
R00302,2,At-Risk
R00303,0,Champions
R00304,0,Champions
R00305,0,Champions
R00306,2,At-Risk
R00307,0,Champions
R00308,3,Loyal Riders
R00309,2,At-Risk
R00310,0,Champions
R00311,0,Champions
R00312,0,Champions
R00313,2,At-Risk
R00315,0,Champions
R00316,2,At-Risk
R00317,1,Dormant
R00318,0,Champions
R00319,2,At-Risk
R00320,0,Champions
R00321,2,At-Risk
R00322,0,Champions
R00324,0,Champions
R00325,0,Champions
R00327,3,Loyal Riders
R00328,1,Dormant
R00329,2,At-Risk
R00331,2,At-Risk
R00332,0,Champions
R00333,2,At-Risk
R00334,1,Dormant
R00335,0,Champions
R00336,2,At-Risk
R00337,0,Champions
R00338,0,Champions
R00339,0,Champions
R00340,1,Dormant
R00341,2,At-Risk
R00342,2,At-Risk
R00343,2,At-Risk
R00344,2,At-Risk
R00345,1,Dormant
R00347,2,At-Risk
R00348,2,At-Risk
R00349,2,At-Risk
R00350,2,At-Risk
R00351,0,Champions
R00352,0,Champions
R00353,2,At-Risk
R00354,2,At-Risk
R00355,0,Champions
R00356,1,Dormant
R00357,1,Dormant
R00358,0,Champions
R00359,1,Dormant
R00360,0,Champions
R00361,2,At-Risk
R00362,3,Loyal Riders
R00363,0,Champions
R00364,1,Dormant
R00365,2,At-Risk
R00367,0,Champions
R00368,0,Champions
R00369,3,Loyal Riders
R00370,1,Dormant
R00371,0,Champions
R00372,2,At-Risk
R00373,2,At-Risk
R00375,3,Loyal Riders
R00376,1,Dormant
R00377,2,At-Risk
R00378,1,Dormant
R00379,1,Dormant
R00380,0,Champions
R00381,0,Champions
R00382,0,Champions
R00383,0,Champions
R00384,3,Loyal Riders
R00385,2,At-Risk
R00386,0,Champions
R00387,2,At-Risk
R00388,0,Champions
R00389,1,Dormant
R00390,1,Dormant
R00391,0,Champions
R00392,3,Loyal Riders
R00393,2,At-Risk
R00394,0,Champions
R00395,0,Champions
R00396,0,Champions
R00398,1,Dormant
R00399,1,Dormant
R00400,2,At-Risk
R00401,1,Dormant
R00402,2,At-Risk
R00403,0,Champions
R00404,2,At-Risk
R00405,0,Champions
R00406,1,Dormant
R00407,1,Dormant
R00408,0,Champions
R00409,0,Champions
R00410,1,Dormant
R00411,2,At-Risk
R00412,2,At-Risk
R00413,2,At-Risk
R00414,2,At-Risk
R00415,2,At-Risk
R00416,1,Dormant
R00418,2,At-Risk
R00419,2,At-Risk
R00421,2,At-Risk
R00422,3,Loyal Riders
R00423,1,Dormant
R00424,2,At-Risk
R00425,0,Champions
R00427,1,Dormant
R00429,2,At-Risk
R00431,2,At-Risk
R00432,2,At-Risk
R00433,2,At-Risk
R00434,1,Dormant
R00436,2,At-Risk
R00437,1,Dormant
R00438,2,At-Risk
R00439,2,At-Risk
R00440,1,Dormant
R00441,0,Champions
R00442,0,Champions
R00443,2,At-Risk
R00444,3,Loyal Riders
R00445,1,Dormant
R00446,0,Champions
R00447,3,Loyal Riders
R00448,0,Champions
R00449,0,Champions
R00451,2,At-Risk
R00452,0,Champions
R00453,1,Dormant
R00454,0,Champions
R00455,1,Dormant
R00456,0,Champions
R00457,2,At-Risk
R00458,0,Champions
R00459,1,Dormant
R00460,2,At-Risk
R00461,0,Champions
R00462,1,Dormant
R00463,0,Champions
R00464,1,Dormant
R00465,0,Champions
R00466,2,At-Risk
R00467,2,At-Risk
R00468,0,Champions
R00469,0,Champions
R00470,0,Champions
R00471,2,At-Risk
R00472,2,At-Risk
R00473,0,Champions
R00475,0,Champions
R00476,1,Dormant
R00479,0,Champions
R00480,2,At-Risk
R00481,1,Dormant
R00482,2,At-Risk
R00483,2,At-Risk
R00484,2,At-Risk
R00487,2,At-Risk
R00488,2,At-Risk
R00489,2,At-Risk
R00490,0,Champions
R00491,0,Champions
R00494,2,At-Risk
R00495,0,Champions
R00496,2,At-Risk
R00497,2,At-Risk
R00498,0,Champions
R00499,0,Champions
R00501,2,At-Risk
R00503,0,Champions
R00504,3,Loyal Riders
R00505,1,Dormant
R00506,2,At-Risk
R00507,0,Champions
R00508,0,Champions
R00509,3,Loyal Riders
R00510,0,Champions
R00511,0,Champions
R00512,0,Champions
R00513,2,At-Risk
R00514,1,Dormant
R00515,2,At-Risk
R00518,2,At-Risk
R00519,0,Champions
R00520,0,Champions
R00521,2,At-Risk
R00522,2,At-Risk
R00523,2,At-Risk
R00524,2,At-Risk
R00525,0,Champions
R00526,2,At-Risk
R00528,3,Loyal Riders
R00529,0,Champions
R00530,1,Dormant
R00531,1,Dormant
R00532,3,Loyal Riders
R00533,1,Dormant
R00534,2,At-Risk
R00535,0,Champions
R00536,0,Champions
R00537,2,At-Risk
R00538,2,At-Risk
R00539,0,Champions
R00541,2,At-Risk
R00542,2,At-Risk
R00543,0,Champions
R00544,2,At-Risk
R00545,2,At-Risk
R00546,0,Champions
R00547,2,At-Risk
R00548,2,At-Risk
R00549,2,At-Risk
R00550,0,Champions
R00551,1,Dormant
R00552,2,At-Risk
R00553,2,At-Risk
R00554,0,Champions
R00555,1,Dormant
R00556,2,At-Risk
R00557,0,Champions
R00558,0,Champions
R00559,0,Champions
R00560,2,At-Risk
R00561,1,Dormant
R00562,2,At-Risk
R00563,1,Dormant
R00564,2,At-Risk
R00565,0,Champions
R00566,2,At-Risk
R00567,2,At-Risk
R00568,2,At-Risk
R00570,2,At-Risk
R00571,0,Champions
R00572,0,Champions
R00573,2,At-Risk
R00574,1,Dormant
R00575,2,At-Risk
R00577,0,Champions
R00578,0,Champions
R00579,0,Champions
R00580,0,Champions
R00582,1,Dormant
R00583,1,Dormant
R00584,2,At-Risk
R00585,2,At-Risk
R00586,3,Loyal Riders
R00587,1,Dormant
R00588,2,At-Risk
R00589,1,Dormant
R00590,2,At-Risk
R00591,2,At-Risk
R00592,2,At-Risk
R00593,2,At-Risk
R00594,1,Dormant
R00595,3,Loyal Riders
R00596,1,Dormant
R00597,0,Champions
R00598,2,At-Risk
R00599,0,Champions
R00600,0,Champions
R00601,2,At-Risk
R00602,2,At-Risk
R00604,2,At-Risk
R00605,0,Champions
R00606,0,Champions
R00607,2,At-Risk
R00608,0,Champions
R00609,1,Dormant
R00610,0,Champions
R00611,0,Champions
R00612,2,At-Risk
R00613,0,Champions
R00614,2,At-Risk
R00615,2,At-Risk
R00616,0,Champions
R00617,0,Champions
R00618,2,At-Risk
R00620,2,At-Risk
R00621,2,At-Risk
R00622,2,At-Risk
R00623,1,Dormant
R00624,3,Loyal Riders
R00625,2,At-Risk
R00626,0,Champions
R00627,1,Dormant
R00628,2,At-Risk
R00629,2,At-Risk
R00630,2,At-Risk
R00631,0,Champions
R00632,2,At-Risk
R00633,0,Champions
R00634,2,At-Risk
R00636,2,At-Risk
R00637,0,Champions
R00638,0,Champions
R00639,2,At-Risk
R00640,2,At-Risk
R00641,2,At-Risk
R00642,1,Dormant
R00643,0,Champions
R00644,3,Loyal Riders
R00645,1,Dormant
R00646,0,Champions
R00647,3,Loyal Riders
R00648,1,Dormant
R00649,1,Dormant
R00651,3,Loyal Riders
R00652,3,Loyal Riders
R00653,0,Champions
R00654,2,At-Risk
R00655,1,Dormant
R00656,2,At-Risk
R00657,2,At-Risk
R00658,0,Champions
R00659,2,At-Risk
R00660,0,Champions
R00661,0,Champions
R00662,2,At-Risk
R00663,0,Champions
R00665,2,At-Risk
R00666,0,Champions
R00667,2,At-Risk
R00668,3,Loyal Riders
R00669,1,Dormant
R00670,0,Champions
R00672,2,At-Risk
R00673,2,At-Risk
R00674,3,Loyal Riders
R00675,2,At-Risk
R00676,0,Champions
R00677,2,At-Risk
R00678,2,At-Risk
R00679,0,Champions
R00680,0,Champions
R00681,3,Loyal Riders
R00682,3,Loyal Riders
R00683,0,Champions
R00684,3,Loyal Riders
R00685,2,At-Risk
R00686,0,Champions
R00687,0,Champions
R00688,2,At-Risk
R00689,2,At-Risk
R00691,0,Champions
R00692,3,Loyal Riders
R00693,2,At-Risk
R00694,2,At-Risk
R00695,3,Loyal Riders
R00696,1,Dormant
R00697,0,Champions
R00698,1,Dormant
R00699,0,Champions
R00700,3,Loyal Riders
R00701,2,At-Risk
R00703,3,Loyal Riders
R00704,3,Loyal Riders
R00705,0,Champions
R00706,2,At-Risk
R00708,1,Dormant
R00709,2,At-Risk
R00710,0,Champions
R00711,0,Champions
R00712,0,Champions
R00713,1,Dormant
R00714,1,Dormant
R00715,2,At-Risk
R00716,0,Champions
R00717,2,At-Risk
R00718,0,Champions
R00719,2,At-Risk
R00720,2,At-Risk
R00721,1,Dormant
R00722,0,Champions
R00723,2,At-Risk
R00724,2,At-Risk
R00725,2,At-Risk
R00726,2,At-Risk
R00727,2,At-Risk
R00729,1,Dormant
R00730,0,Champions
R00731,1,Dormant
R00732,0,Champions
R00733,1,Dormant
R00734,0,Champions
R00735,1,Dormant
R00737,0,Champions
R00739,2,At-Risk
R00740,2,At-Risk
R00741,0,Champions
R00742,2,At-Risk
R00743,1,Dormant
R00744,2,At-Risk
R00745,3,Loyal Riders
R00746,2,At-Risk
R00747,0,Champions
R00749,1,Dormant
R00750,0,Champions
R00751,3,Loyal Riders
R00752,2,At-Risk
R00753,2,At-Risk
R00754,1,Dormant
R00755,0,Champions
R00756,3,Loyal Riders
R00757,2,At-Risk
R00758,1,Dormant
R00759,2,At-Risk
R00760,2,At-Risk
R00761,0,Champions
R00762,0,Champions
R00764,1,Dormant
R00765,2,At-Risk
R00766,0,Champions
R00767,3,Loyal Riders
R00768,0,Champions
R00769,1,Dormant
R00770,0,Champions
R00771,0,Champions
R00772,0,Champions
R00773,1,Dormant
R00774,2,At-Risk
R00775,0,Champions
R00776,1,Dormant
R00777,1,Dormant
R00778,0,Champions
R00779,0,Champions
R00780,2,At-Risk
R00781,0,Champions
R00782,0,Champions
R00783,2,At-Risk
R00784,0,Champions
R00785,1,Dormant
R00786,0,Champions
R00787,2,At-Risk
R00788,0,Champions
R00790,0,Champions
R00791,3,Loyal Riders
R00792,2,At-Risk
R00793,1,Dormant
R00794,0,Champions
R00795,2,At-Risk
R00796,2,At-Risk
R00797,2,At-Risk
R00798,2,At-Risk
R00799,2,At-Risk
R00800,3,Loyal Riders
R00801,2,At-Risk
R00802,2,At-Risk
R00803,2,At-Risk
R00804,2,At-Risk
R00805,2,At-Risk
R00806,2,At-Risk
R00807,2,At-Risk
R00808,0,Champions
R00809,2,At-Risk
R00810,2,At-Risk
R00811,2,At-Risk
R00812,0,Champions
R00813,1,Dormant
R00814,1,Dormant
R00815,3,Loyal Riders
R00816,2,At-Risk
R00817,0,Champions
R00818,2,At-Risk
R00819,0,Champions
R00820,2,At-Risk
R00821,2,At-Risk
R00822,0,Champions
R00824,2,At-Risk
R00826,2,At-Risk
R00827,0,Champions
R00829,2,At-Risk
R00830,2,At-Risk
R00831,0,Champions
R00832,1,Dormant
R00833,2,At-Risk
R00834,2,At-Risk
R00835,3,Loyal Riders
R00836,2,At-Risk
R00837,0,Champions
R00838,0,Champions
R00839,1,Dormant
R00841,0,Champions
R00842,2,At-Risk
R00843,2,At-Risk
R00844,2,At-Risk
R00845,0,Champions
R00846,1,Dormant
R00847,0,Champions
R00848,1,Dormant
R00849,2,At-Risk
R00850,1,Dormant
R00851,2,At-Risk
R00852,2,At-Risk
R00853,2,At-Risk
R00854,2,At-Risk
R00855,2,At-Risk
R00856,3,Loyal Riders
R00857,2,At-Risk
R00858,2,At-Risk
R00859,1,Dormant
R00860,2,At-Risk
R00861,0,Champions
R00862,2,At-Risk
R00863,2,At-Risk
R00864,2,At-Risk
R00866,0,Champions
R00867,2,At-Risk
R00868,2,At-Risk
R00869,2,At-Risk
R00870,0,Champions
R00871,0,Champions
R00872,2,At-Risk
R00873,1,Dormant
R00874,0,Champions
R00875,1,Dormant
R00876,2,At-Risk
R00877,2,At-Risk
R00878,2,At-Risk
R00879,0,Champions
R00880,0,Champions
R00881,2,At-Risk
R00882,0,Champions
R00883,0,Champions
R00884,0,Champions
R00885,0,Champions
R00886,0,Champions
R00887,3,Loyal Riders
R00888,0,Champions
R00889,0,Champions
R00890,1,Dormant
R00891,0,Champions
R00892,3,Loyal Riders
R00895,0,Champions
R00896,1,Dormant
R00897,1,Dormant
R00898,2,At-Risk
R00899,1,Dormant
R00900,3,Loyal Riders
R00901,0,Champions
R00902,0,Champions
R00903,1,Dormant
R00904,2,At-Risk
R00905,0,Champions
R00906,1,Dormant
R00907,0,Champions
R00908,0,Champions
R00909,0,Champions
R00910,0,Champions
R00912,2,At-Risk
R00913,2,At-Risk
R00914,2,At-Risk
R00915,2,At-Risk
R00916,2,At-Risk
R00917,2,At-Risk
R00918,1,Dormant
R00919,2,At-Risk
R00921,2,At-Risk
R00922,2,At-Risk
R00923,2,At-Risk
R00924,0,Champions
R00925,2,At-Risk
R00927,0,Champions
R00929,0,Champions
R00930,2,At-Risk
R00931,2,At-Risk
R00932,2,At-Risk
R00933,0,Champions
R00934,1,Dormant
R00935,2,At-Risk
R00936,2,At-Risk
R00937,2,At-Risk
R00938,3,Loyal Riders
R00939,1,Dormant
R00940,2,At-Risk
R00941,0,Champions
R00942,3,Loyal Riders
R00943,2,At-Risk
R00944,1,Dormant
R00945,0,Champions
R00946,1,Dormant
R00947,0,Champions
R00948,2,At-Risk
R00949,0,Champions
R00950,2,At-Risk
R00951,2,At-Risk
R00952,2,At-Risk
R00953,0,Champions
R00954,2,At-Risk
R00955,1,Dormant
R00956,2,At-Risk
R00957,0,Champions
R00958,0,Champions
R00959,0,Champions
R00960,1,Dormant
R00961,0,Champions
R00962,2,At-Risk
R00963,3,Loyal Riders
R00965,1,Dormant
R00966,0,Champions
R00967,2,At-Risk
R00968,0,Champions
R00970,0,Champions
R00971,0,Champions
R00972,2,At-Risk
R00973,1,Dormant
R00974,2,At-Risk
R00976,1,Dormant
R00977,1,Dormant
R00978,0,Champions
R00979,0,Champions
R00980,2,At-Risk
R00982,0,Champions
R00984,2,At-Risk
R00985,3,Loyal Riders
R00986,0,Champions
R00987,3,Loyal Riders
R00988,1,Dormant
R00989,2,At-Risk
R00990,2,At-Risk
R00991,1,Dormant
R00992,0,Champions
R00993,2,At-Risk
R00994,2,At-Risk
R00995,0,Champions
R00996,0,Champions
R00997,0,Champions
R00998,0,Champions
R00999,0,Champions
R01000,0,Champions
R01001,2,At-Risk
R01002,0,Champions
R01003,3,Loyal Riders
R01004,2,At-Risk
R01005,3,Loyal Riders
R01006,2,At-Risk
R01007,1,Dormant
R01008,2,At-Risk
R01009,0,Champions
R01010,2,At-Risk
R01011,2,At-Risk
R01012,2,At-Risk
R01013,2,At-Risk
R01014,0,Champions
R01015,0,Champions
R01016,2,At-Risk
R01017,2,At-Risk
R01018,0,Champions
R01019,2,At-Risk
R01020,2,At-Risk
R01022,2,At-Risk
R01023,0,Champions
R01024,1,Dormant
R01025,0,Champions
R01027,2,At-Risk
R01028,1,Dormant
R01030,0,Champions
R01031,2,At-Risk
R01032,2,At-Risk
R01033,2,At-Risk
R01035,1,Dormant
R01036,2,At-Risk
R01038,1,Dormant
R01039,1,Dormant
R01040,1,Dormant
R01041,2,At-Risk
R01042,0,Champions
R01043,2,At-Risk
R01044,2,At-Risk
R01045,1,Dormant
R01046,0,Champions
R01047,2,At-Risk
R01048,2,At-Risk
R01049,0,Champions
R01050,2,At-Risk
R01051,1,Dormant
R01052,2,At-Risk
R01053,0,Champions
R01054,0,Champions
R01055,2,At-Risk
R01056,0,Champions
R01057,0,Champions
R01058,0,Champions
R01059,1,Dormant
R01060,1,Dormant
R01061,1,Dormant
R01062,0,Champions
R01063,3,Loyal Riders
R01064,2,At-Risk
R01065,2,At-Risk
R01066,3,Loyal Riders
R01069,0,Champions
R01070,2,At-Risk
R01071,0,Champions
R01072,2,At-Risk
R01073,3,Loyal Riders
R01075,0,Champions
R01076,2,At-Risk
R01077,2,At-Risk
R01079,0,Champions
R01080,1,Dormant
R01082,0,Champions
R01083,0,Champions
R01084,1,Dormant
R01086,1,Dormant
R01087,2,At-Risk
R01088,0,Champions
R01089,1,Dormant
R01090,2,At-Risk
R01091,0,Champions
R01092,2,At-Risk
R01093,2,At-Risk
R01094,3,Loyal Riders
R01095,1,Dormant
R01096,1,Dormant
R01097,2,At-Risk
R01098,1,Dormant
R01099,2,At-Risk
R01100,1,Dormant
R01101,2,At-Risk
R01102,2,At-Risk
R01103,0,Champions
R01104,2,At-Risk
R01105,0,Champions
R01106,0,Champions
R01107,3,Loyal Riders
R01108,2,At-Risk
R01109,2,At-Risk
R01110,0,Champions
R01111,1,Dormant
R01112,1,Dormant
R01113,1,Dormant
R01114,1,Dormant
R01115,1,Dormant
R01116,3,Loyal Riders
R01117,2,At-Risk
R01118,1,Dormant
R01119,0,Champions
R01120,0,Champions
R01121,1,Dormant
R01122,0,Champions
R01123,0,Champions
R01124,2,At-Risk
R01125,2,At-Risk
R01126,2,At-Risk
R01127,2,At-Risk
R01128,2,At-Risk
R01129,3,Loyal Riders
R01130,2,At-Risk
R01131,2,At-Risk
R01132,1,Dormant
R01134,0,Champions
R01135,1,Dormant
R01136,1,Dormant
R01137,0,Champions
R01138,2,At-Risk
R01140,2,At-Risk
R01141,0,Champions
R01142,2,At-Risk
R01143,0,Champions
R01144,0,Champions
R01145,0,Champions
R01146,2,At-Risk
R01147,0,Champions
R01148,0,Champions
R01149,2,At-Risk
R01150,2,At-Risk
R01151,2,At-Risk
R01152,2,At-Risk
R01153,2,At-Risk
R01155,3,Loyal Riders
R01156,2,At-Risk
R01157,0,Champions
R01158,2,At-Risk
R01159,1,Dormant
R01160,1,Dormant
R01161,0,Champions
R01162,0,Champions
R01163,2,At-Risk
R01164,0,Champions
R01165,0,Champions
R01166,1,Dormant
R01167,2,At-Risk
R01168,0,Champions
R01169,0,Champions
R01170,3,Loyal Riders
R01171,2,At-Risk
R01172,2,At-Risk
R01173,0,Champions
R01174,2,At-Risk
R01177,1,Dormant
R01178,2,At-Risk
R01179,0,Champions
R01180,3,Loyal Riders
R01181,1,Dormant
R01182,2,At-Risk
R01183,1,Dormant
R01185,0,Champions
R01186,0,Champions
R01187,1,Dormant
R01188,0,Champions
R01189,0,Champions
R01190,2,At-Risk
R01191,2,At-Risk
R01192,1,Dormant
R01193,1,Dormant
R01194,0,Champions
R01195,1,Dormant
R01196,2,At-Risk
R01197,2,At-Risk
R01198,2,At-Risk
R01199,2,At-Risk
R01201,1,Dormant
R01202,1,Dormant
R01203,0,Champions
R01204,3,Loyal Riders
R01205,0,Champions
R01207,1,Dormant
R01208,2,At-Risk
R01210,0,Champions
R01211,1,Dormant
R01212,2,At-Risk
R01213,2,At-Risk
R01214,2,At-Risk
R01215,1,Dormant
R01216,0,Champions
R01217,1,Dormant
R01218,1,Dormant
R01220,2,At-Risk
R01221,0,Champions
R01222,1,Dormant
R01223,2,At-Risk
R01224,2,At-Risk
R01226,1,Dormant
R01227,2,At-Risk
R01228,2,At-Risk
R01229,1,Dormant
R01231,1,Dormant
R01232,2,At-Risk
R01233,0,Champions
R01234,2,At-Risk
R01235,2,At-Risk
R01236,2,At-Risk
R01237,0,Champions
R01238,2,At-Risk
R01239,3,Loyal Riders
R01240,0,Champions
R01241,0,Champions
R01242,2,At-Risk
R01243,1,Dormant
R01244,1,Dormant
R01245,3,Loyal Riders
R01246,3,Loyal Riders
R01247,0,Champions
R01248,0,Champions
R01249,2,At-Risk
R01250,2,At-Risk
R01251,2,At-Risk
R01252,0,Champions
R01253,0,Champions
R01254,3,Loyal Riders
R01256,1,Dormant
R01257,1,Dormant
R01258,0,Champions
R01259,2,At-Risk
R01260,2,At-Risk
R01261,0,Champions
R01262,0,Champions
R01263,2,At-Risk
R01264,0,Champions
R01266,0,Champions
R01267,2,At-Risk
R01268,2,At-Risk
R01269,2,At-Risk
R01270,2,At-Risk
R01271,2,At-Risk
R01272,0,Champions
R01273,2,At-Risk
R01274,2,At-Risk
R01275,0,Champions
R01276,1,Dormant
R01277,2,At-Risk
R01279,2,At-Risk
R01280,1,Dormant
R01281,3,Loyal Riders
R01282,2,At-Risk
R01283,2,At-Risk
R01284,2,At-Risk
R01285,0,Champions
R01286,2,At-Risk
R01287,2,At-Risk
R01288,3,Loyal Riders
R01289,0,Champions
R01290,2,At-Risk
R01291,1,Dormant
R01292,1,Dormant
R01293,0,Champions
R01294,1,Dormant
R01295,2,At-Risk
R01296,2,At-Risk
R01297,0,Champions
R01298,1,Dormant
R01299,0,Champions
R01300,2,At-Risk
R01302,0,Champions
R01303,0,Champions
R01304,2,At-Risk
R01305,1,Dormant
R01306,1,Dormant
R01307,2,At-Risk
R01308,0,Champions
R01309,2,At-Risk
R01310,0,Champions
R01311,0,Champions
R01312,2,At-Risk
R01313,0,Champions
R01314,2,At-Risk
R01315,1,Dormant
R01316,2,At-Risk
R01317,2,At-Risk
R01318,1,Dormant
R01319,2,At-Risk
R01320,0,Champions
R01321,2,At-Risk
R01322,0,Champions
R01323,0,Champions
R01324,2,At-Risk
R01327,1,Dormant
R01328,2,At-Risk
R01329,2,At-Risk
R01330,0,Champions
R01331,1,Dormant
R01332,0,Champions
R01333,2,At-Risk
R01334,0,Champions
R01335,0,Champions
R01336,2,At-Risk
R01337,2,At-Risk
R01339,0,Champions
R01340,0,Champions
R01341,2,At-Risk
R01342,0,Champions
R01343,1,Dormant
R01344,2,At-Risk
R01345,0,Champions
R01346,1,Dormant
R01347,0,Champions
R01348,2,At-Risk
R01349,0,Champions
R01350,3,Loyal Riders
R01351,2,At-Risk
R01352,2,At-Risk
R01353,2,At-Risk
R01354,1,Dormant
R01355,2,At-Risk
R01356,0,Champions
R01357,3,Loyal Riders
R01358,2,At-Risk
R01359,0,Champions
R01360,2,At-Risk
R01361,3,Loyal Riders
R01362,1,Dormant
R01363,0,Champions
R01364,0,Champions
R01365,0,Champions
R01367,2,At-Risk
R01368,1,Dormant
R01369,3,Loyal Riders
R01370,2,At-Risk
R01371,2,At-Risk
R01372,0,Champions
R01373,1,Dormant
R01374,2,At-Risk
R01375,0,Champions
R01376,0,Champions
R01377,3,Loyal Riders
R01378,2,At-Risk
R01379,2,At-Risk
R01381,2,At-Risk
R01382,0,Champions
R01383,3,Loyal Riders
R01384,2,At-Risk
R01385,2,At-Risk
R01386,0,Champions
R01387,2,At-Risk
R01388,2,At-Risk
R01389,0,Champions
R01391,0,Champions
R01392,1,Dormant
R01393,0,Champions
R01394,0,Champions
R01395,2,At-Risk
R01396,2,At-Risk
R01397,1,Dormant
R01398,1,Dormant
R01399,2,At-Risk
R01400,1,Dormant
R01401,0,Champions
R01402,1,Dormant
R01403,2,At-Risk
R01404,2,At-Risk
R01405,1,Dormant
R01406,0,Champions
R01407,3,Loyal Riders
R01408,2,At-Risk
R01409,1,Dormant
R01410,2,At-Risk
R01411,0,Champions
R01412,0,Champions
R01414,2,At-Risk
R01415,1,Dormant
R01416,2,At-Risk
R01417,0,Champions
R01418,0,Champions
R01419,2,At-Risk
R01420,2,At-Risk
R01421,3,Loyal Riders
R01423,2,At-Risk
R01424,0,Champions
R01425,0,Champions
R01426,2,At-Risk
R01427,0,Champions
R01428,0,Champions
R01429,1,Dormant
R01430,1,Dormant
R01431,0,Champions
R01432,2,At-Risk
R01433,3,Loyal Riders
R01434,0,Champions
R01435,2,At-Risk
R01436,0,Champions
R01437,0,Champions
R01438,1,Dormant
R01439,2,At-Risk
R01440,2,At-Risk
R01441,2,At-Risk
R01442,2,At-Risk
R01443,0,Champions
R01444,1,Dormant
R01446,3,Loyal Riders
R01447,3,Loyal Riders
R01448,0,Champions
R01449,1,Dormant
R01450,2,At-Risk
R01451,0,Champions
R01452,2,At-Risk
R01453,0,Champions
R01454,0,Champions
R01455,2,At-Risk
R01456,2,At-Risk
R01457,2,At-Risk
R01458,2,At-Risk
R01459,2,At-Risk
R01460,2,At-Risk
R01462,0,Champions
R01463,3,Loyal Riders
R01465,3,Loyal Riders
R01466,1,Dormant
R01467,3,Loyal Riders
R01468,0,Champions
R01469,0,Champions
R01470,0,Champions
R01471,1,Dormant
R01472,0,Champions
R01473,0,Champions
R01474,2,At-Risk
R01476,2,At-Risk
R01477,2,At-Risk
R01478,2,At-Risk
R01479,0,Champions
R01480,0,Champions
R01481,1,Dormant
R01482,1,Dormant
R01484,0,Champions
R01485,0,Champions
R01486,0,Champions
R01487,0,Champions
R01488,2,At-Risk
R01489,1,Dormant
R01490,2,At-Risk
R01491,1,Dormant
R01492,2,At-Risk
R01493,2,At-Risk
R01494,0,Champions
R01495,3,Loyal Riders
R01496,0,Champions
R01497,0,Champions
R01498,0,Champions
R01499,2,At-Risk
R01500,1,Dormant
R01502,2,At-Risk
R01503,2,At-Risk
R01504,2,At-Risk
R01505,2,At-Risk
R01506,2,At-Risk
R01507,0,Champions
R01508,2,At-Risk
R01509,0,Champions
R01510,0,Champions
R01511,2,At-Risk
R01513,2,At-Risk
R01514,0,Champions
R01515,2,At-Risk
R01516,0,Champions
R01517,1,Dormant
R01518,0,Champions
R01519,0,Champions
R01520,2,At-Risk
R01522,0,Champions
R01523,0,Champions
R01524,2,At-Risk
R01525,2,At-Risk
R01526,2,At-Risk
R01527,2,At-Risk
R01528,1,Dormant
R01529,0,Champions
R01530,1,Dormant
R01531,2,At-Risk
R01532,1,Dormant
R01533,0,Champions
R01534,0,Champions
R01535,1,Dormant
R01536,1,Dormant
R01537,2,At-Risk
R01539,2,At-Risk
R01540,0,Champions
R01541,2,At-Risk
R01542,1,Dormant
R01543,0,Champions
R01544,2,At-Risk
R01545,1,Dormant
R01546,1,Dormant
R01547,1,Dormant
R01548,2,At-Risk
R01549,0,Champions
R01551,2,At-Risk
R01552,1,Dormant
R01555,0,Champions
R01556,3,Loyal Riders
R01557,2,At-Risk
R01558,2,At-Risk
R01559,3,Loyal Riders
R01560,1,Dormant
R01561,1,Dormant
R01562,3,Loyal Riders
R01565,2,At-Risk
R01566,1,Dormant
R01567,2,At-Risk
R01568,1,Dormant
R01569,1,Dormant
R01570,1,Dormant
R01571,1,Dormant
R01572,1,Dormant
R01573,0,Champions
R01574,2,At-Risk
R01575,0,Champions
R01576,2,At-Risk
R01577,0,Champions
R01578,2,At-Risk
R01579,0,Champions
R01580,2,At-Risk
R01581,2,At-Risk
R01582,2,At-Risk
R01583,1,Dormant
R01584,0,Champions
R01585,0,Champions
R01586,2,At-Risk
R01588,0,Champions
R01589,3,Loyal Riders
R01590,1,Dormant
R01591,1,Dormant
R01592,0,Champions
R01593,0,Champions
R01594,1,Dormant
R01595,2,At-Risk
R01596,0,Champions
R01597,3,Loyal Riders
R01598,0,Champions
R01599,0,Champions
R01600,2,At-Risk
R01601,2,At-Risk
R01602,0,Champions
R01603,2,At-Risk
R01604,2,At-Risk
R01605,1,Dormant
R01606,0,Champions
R01607,0,Champions
R01608,3,Loyal Riders
R01609,0,Champions
R01611,0,Champions
R01612,0,Champions
R01613,1,Dormant
R01614,2,At-Risk
R01615,0,Champions
R01616,1,Dormant
R01617,1,Dormant
R01618,0,Champions
R01619,2,At-Risk
R01620,0,Champions
R01621,1,Dormant
R01622,2,At-Risk
R01623,1,Dormant
R01625,0,Champions
R01626,2,At-Risk
R01627,1,Dormant
R01628,2,At-Risk
R01629,2,At-Risk
R01630,1,Dormant
R01631,2,At-Risk
R01632,1,Dormant
R01633,2,At-Risk
R01634,2,At-Risk
R01637,2,At-Risk
R01638,2,At-Risk
R01639,1,Dormant
R01640,0,Champions
R01641,0,Champions
R01643,2,At-Risk
R01644,0,Champions
R01645,1,Dormant
R01646,0,Champions
R01647,2,At-Risk
R01648,0,Champions
R01649,0,Champions
R01650,2,At-Risk
R01651,0,Champions
R01653,1,Dormant
R01654,0,Champions
R01655,3,Loyal Riders
R01656,2,At-Risk
R01657,2,At-Risk
R01658,1,Dormant
R01659,2,At-Risk
R01660,0,Champions
R01661,2,At-Risk
R01662,0,Champions
R01663,2,At-Risk
R01664,0,Champions
R01665,2,At-Risk
R01666,2,At-Risk
R01667,2,At-Risk
R01668,2,At-Risk
R01669,2,At-Risk
R01670,0,Champions
R01671,2,At-Risk
R01672,2,At-Risk
R01673,2,At-Risk
R01674,0,Champions
R01676,2,At-Risk
R01677,1,Dormant
R01678,2,At-Risk
R01679,0,Champions
R01680,2,At-Risk
R01681,2,At-Risk
R01682,1,Dormant
R01683,0,Champions
R01685,2,At-Risk
R01686,0,Champions
R01687,2,At-Risk
R01688,0,Champions
R01689,0,Champions
R01690,3,Loyal Riders
R01691,0,Champions
R01692,3,Loyal Riders
R01693,2,At-Risk
R01694,3,Loyal Riders
R01695,2,At-Risk
R01698,2,At-Risk
R01699,0,Champions
R01700,2,At-Risk
R01701,1,Dormant
R01702,1,Dormant
R01703,1,Dormant
R01704,1,Dormant
R01705,2,At-Risk
R01706,0,Champions
R01707,3,Loyal Riders
R01708,2,At-Risk
R01709,1,Dormant
R01710,1,Dormant
R01711,2,At-Risk
R01712,2,At-Risk
R01713,2,At-Risk
R01714,0,Champions
R01715,1,Dormant
R01717,1,Dormant
R01718,3,Loyal Riders
R01719,1,Dormant
R01720,2,At-Risk
R01721,0,Champions
R01722,0,Champions
R01723,1,Dormant
R01724,0,Champions
R01725,2,At-Risk
R01726,0,Champions
R01727,0,Champions
R01728,2,At-Risk
R01729,2,At-Risk
R01730,1,Dormant
R01731,0,Champions
R01732,0,Champions
R01733,0,Champions
R01734,0,Champions
R01735,2,At-Risk
R01736,2,At-Risk
R01737,2,At-Risk
R01738,0,Champions
R01739,0,Champions
R01740,2,At-Risk
R01741,2,At-Risk
R01742,3,Loyal Riders
R01743,0,Champions
R01744,2,At-Risk
R01745,1,Dormant
R01746,0,Champions
R01747,2,At-Risk
R01748,2,At-Risk
R01749,3,Loyal Riders
R01750,3,Loyal Riders
R01751,0,Champions
R01752,2,At-Risk
R01753,2,At-Risk
R01754,0,Champions
R01755,2,At-Risk
R01756,2,At-Risk
R01757,1,Dormant
R01758,2,At-Risk
R01759,3,Loyal Riders
R01760,0,Champions
R01762,1,Dormant
R01763,0,Champions
R01764,0,Champions
R01766,3,Loyal Riders
R01768,0,Champions
R01769,2,At-Risk
R01770,2,At-Risk
R01771,2,At-Risk
R01772,1,Dormant
R01773,2,At-Risk
R01774,0,Champions
R01775,0,Champions
R01776,2,At-Risk
R01777,3,Loyal Riders
R01778,0,Champions
R01779,0,Champions
R01780,1,Dormant
R01781,0,Champions
R01782,1,Dormant
R01783,0,Champions
R01784,1,Dormant
R01785,1,Dormant
R01786,0,Champions
R01787,0,Champions
R01788,0,Champions
R01789,2,At-Risk
R01790,0,Champions
R01791,0,Champions
R01792,1,Dormant
R01793,0,Champions
R01794,1,Dormant
R01796,0,Champions
R01797,2,At-Risk
R01798,1,Dormant
R01799,0,Champions
R01800,0,Champions
R01801,0,Champions
R01802,2,At-Risk
R01803,0,Champions
R01804,1,Dormant
R01805,0,Champions
R01806,2,At-Risk
R01807,0,Champions
R01808,2,At-Risk
R01809,2,At-Risk
R01810,3,Loyal Riders
R01811,0,Champions
R01812,0,Champions
R01813,0,Champions
R01814,1,Dormant
R01815,1,Dormant
R01816,3,Loyal Riders
R01817,0,Champions
R01818,2,At-Risk
R01819,0,Champions
R01820,2,At-Risk
R01821,3,Loyal Riders
R01822,1,Dormant
R01823,0,Champions
R01824,2,At-Risk
R01825,2,At-Risk
R01826,1,Dormant
R01828,2,At-Risk
R01829,1,Dormant
R01831,2,At-Risk
R01832,2,At-Risk
R01833,0,Champions
R01834,0,Champions
R01835,1,Dormant
R01836,3,Loyal Riders
R01837,0,Champions
R01838,1,Dormant
R01839,0,Champions
R01840,0,Champions
R01841,0,Champions
R01842,0,Champions
R01843,3,Loyal Riders
R01844,1,Dormant
R01846,3,Loyal Riders
R01847,0,Champions
R01848,3,Loyal Riders
R01849,2,At-Risk
R01850,1,Dormant
R01851,0,Champions
R01852,3,Loyal Riders
R01853,2,At-Risk
R01854,1,Dormant
R01855,1,Dormant
R01856,2,At-Risk
R01857,1,Dormant
R01858,1,Dormant
R01859,1,Dormant
R01860,0,Champions
R01861,2,At-Risk
R01862,0,Champions
R01863,2,At-Risk
R01864,2,At-Risk
R01865,2,At-Risk
R01866,1,Dormant
R01867,1,Dormant
R01868,0,Champions
R01870,2,At-Risk
R01871,2,At-Risk
R01872,0,Champions
R01874,0,Champions
R01875,2,At-Risk
R01876,2,At-Risk
R01877,1,Dormant
R01878,1,Dormant
R01879,0,Champions
R01880,0,Champions
R01881,0,Champions
R01882,2,At-Risk
R01883,2,At-Risk
R01884,2,At-Risk
R01885,3,Loyal Riders
R01886,0,Champions
R01887,2,At-Risk
R01888,2,At-Risk
R01889,1,Dormant
R01891,2,At-Risk
R01892,1,Dormant
R01893,3,Loyal Riders
R01895,0,Champions
R01896,0,Champions
R01897,0,Champions
R01899,2,At-Risk
R01900,3,Loyal Riders
R01901,1,Dormant
R01902,1,Dormant
R01903,2,At-Risk
R01904,0,Champions
R01905,0,Champions
R01906,0,Champions
R01907,0,Champions
R01908,2,At-Risk
R01909,2,At-Risk
R01910,1,Dormant
R01911,2,At-Risk
R01912,2,At-Risk
R01913,1,Dormant
R01914,0,Champions
R01915,0,Champions
R01916,1,Dormant
R01917,1,Dormant
R01918,0,Champions
R01919,0,Champions
R01920,0,Champions
R01921,2,At-Risk
R01922,2,At-Risk
R01923,0,Champions
R01924,2,At-Risk
R01925,1,Dormant
R01926,2,At-Risk
R01927,2,At-Risk
R01929,0,Champions
R01930,0,Champions
R01932,3,Loyal Riders
R01933,2,At-Risk
R01934,2,At-Risk
R01935,0,Champions
R01936,0,Champions
R01937,2,At-Risk
R01938,1,Dormant
R01939,2,At-Risk
R01940,0,Champions
R01941,2,At-Risk
R01942,2,At-Risk
R01943,2,At-Risk
R01944,0,Champions
R01945,0,Champions
R01946,0,Champions
R01947,0,Champions
R01948,1,Dormant
R01949,0,Champions
R01950,0,Champions
R01951,2,At-Risk
R01952,2,At-Risk
R01953,0,Champions
R01954,2,At-Risk
R01955,0,Champions
R01956,1,Dormant
R01957,0,Champions
R01958,2,At-Risk
R01959,0,Champions
R01960,0,Champions
R01961,1,Dormant
R01962,0,Champions
R01963,0,Champions
R01964,3,Loyal Riders
R01965,1,Dormant
R01966,1,Dormant
R01967,0,Champions
R01968,3,Loyal Riders
R01970,2,At-Risk
R01971,0,Champions
R01973,1,Dormant
R01974,1,Dormant
R01975,1,Dormant
R01976,0,Champions
R01977,0,Champions
R01978,0,Champions
R01979,0,Champions
R01980,0,Champions
R01981,1,Dormant
R01982,2,At-Risk
R01983,0,Champions
R01984,2,At-Risk
R01985,0,Champions
R01986,1,Dormant
R01987,2,At-Risk
R01988,0,Champions
R01989,1,Dormant
R01990,1,Dormant
R01991,3,Loyal Riders
R01992,0,Champions
R01993,0,Champions
R01994,2,At-Risk
R01995,2,At-Risk
R01996,2,At-Risk
R01997,1,Dormant
R01998,2,At-Risk
R01999,2,At-Risk
R02000,2,At-Risk
R02001,1,Dormant
R02002,2,At-Risk
R02004,1,Dormant
R02005,1,Dormant
R02006,0,Champions
R02007,1,Dormant
R02008,2,At-Risk
R02009,1,Dormant
R02010,0,Champions
R02011,2,At-Risk
R02012,2,At-Risk
R02013,0,Champions
R02014,2,At-Risk
R02015,2,At-Risk
R02016,3,Loyal Riders
R02017,3,Loyal Riders
R02018,0,Champions
R02019,2,At-Risk
R02020,2,At-Risk
R02021,1,Dormant
R02022,1,Dormant
R02023,0,Champions
R02024,1,Dormant
R02025,3,Loyal Riders
R02027,2,At-Risk
R02028,2,At-Risk
R02029,2,At-Risk
R02031,0,Champions
R02032,2,At-Risk
R02033,2,At-Risk
R02034,0,Champions
R02035,0,Champions
R02036,1,Dormant
R02037,0,Champions
R02038,2,At-Risk
R02039,3,Loyal Riders
R02040,0,Champions
R02041,1,Dormant
R02042,2,At-Risk
R02043,0,Champions
R02044,2,At-Risk
R02045,2,At-Risk
R02046,1,Dormant
R02048,1,Dormant
R02049,0,Champions
R02050,1,Dormant
R02051,0,Champions
R02052,0,Champions
R02053,2,At-Risk
R02054,1,Dormant
R02055,1,Dormant
R02056,1,Dormant
R02057,0,Champions
R02058,1,Dormant
R02059,1,Dormant
R02060,2,At-Risk
R02061,0,Champions
R02062,0,Champions
R02063,2,At-Risk
R02064,1,Dormant
R02065,2,At-Risk
R02066,3,Loyal Riders
R02067,1,Dormant
R02069,2,At-Risk
R02070,0,Champions
R02071,0,Champions
R02072,0,Champions
R02073,1,Dormant
R02074,0,Champions
R02075,0,Champions
R02076,2,At-Risk
R02077,2,At-Risk
R02079,1,Dormant
R02080,3,Loyal Riders
R02081,0,Champions
R02082,2,At-Risk
R02083,2,At-Risk
R02084,1,Dormant
R02085,2,At-Risk
R02086,1,Dormant
R02087,2,At-Risk
R02088,2,At-Risk
R02089,0,Champions
R02090,2,At-Risk
R02092,0,Champions
R02093,2,At-Risk
R02094,2,At-Risk
R02095,2,At-Risk
R02096,2,At-Risk
R02097,0,Champions
R02098,0,Champions
R02099,3,Loyal Riders
R02100,1,Dormant
R02101,1,Dormant
R02102,0,Champions
R02103,0,Champions
R02104,2,At-Risk
R02105,0,Champions
R02106,0,Champions
R02107,2,At-Risk
R02108,2,At-Risk
R02109,2,At-Risk
R02110,1,Dormant
R02111,0,Champions
R02112,2,At-Risk
R02113,1,Dormant
R02114,2,At-Risk
R02115,1,Dormant
R02116,2,At-Risk
R02117,0,Champions
R02118,1,Dormant
R02119,2,At-Risk
R02120,2,At-Risk
R02121,3,Loyal Riders
R02122,2,At-Risk
R02123,2,At-Risk
R02124,0,Champions
R02125,0,Champions
R02126,2,At-Risk
R02127,1,Dormant
R02128,0,Champions
R02129,0,Champions
R02130,0,Champions
R02131,3,Loyal Riders
R02132,0,Champions
R02133,2,At-Risk
R02135,2,At-Risk
R02136,0,Champions
R02137,0,Champions
R02138,2,At-Risk
R02139,2,At-Risk
R02140,2,At-Risk
R02141,1,Dormant
R02142,0,Champions
R02143,2,At-Risk
R02144,0,Champions
R02145,2,At-Risk
R02146,0,Champions
R02147,0,Champions
R02148,0,Champions
R02149,2,At-Risk
R02150,2,At-Risk
R02151,2,At-Risk
R02152,0,Champions
R02153,2,At-Risk
R02154,0,Champions
R02155,2,At-Risk
R02156,1,Dormant
R02157,1,Dormant
R02158,1,Dormant
R02159,0,Champions
R02160,2,At-Risk
R02161,2,At-Risk
R02162,2,At-Risk
R02163,2,At-Risk
R02164,1,Dormant
R02165,0,Champions
R02166,1,Dormant
R02167,2,At-Risk
R02168,2,At-Risk
R02169,0,Champions
R02171,3,Loyal Riders
R02172,3,Loyal Riders
R02173,2,At-Risk
R02174,0,Champions
R02175,0,Champions
R02176,2,At-Risk
R02179,2,At-Risk
R02180,0,Champions
R02181,0,Champions
R02182,0,Champions
R02183,2,At-Risk
R02184,1,Dormant
R02185,2,At-Risk
R02186,2,At-Risk
R02187,2,At-Risk
R02188,2,At-Risk
R02189,2,At-Risk
R02190,2,At-Risk
R02191,2,At-Risk
R02192,3,Loyal Riders
R02193,0,Champions
R02194,2,At-Risk
R02195,0,Champions
R02196,1,Dormant
R02197,0,Champions
R02198,2,At-Risk
R02199,2,At-Risk
R02200,1,Dormant
R02201,2,At-Risk
R02202,2,At-Risk
R02203,1,Dormant
R02204,1,Dormant
R02205,2,At-Risk
R02206,0,Champions
R02207,2,At-Risk
R02208,1,Dormant
R02209,2,At-Risk
R02210,2,At-Risk
R02211,0,Champions
R02212,2,At-Risk
R02213,0,Champions
R02214,0,Champions
R02215,0,Champions
R02216,2,At-Risk
R02217,2,At-Risk
R02218,0,Champions
R02219,2,At-Risk
R02220,1,Dormant
R02221,2,At-Risk
R02222,2,At-Risk
R02223,0,Champions
R02224,2,At-Risk
R02225,0,Champions
R02226,0,Champions
R02227,1,Dormant
R02228,2,At-Risk
R02229,1,Dormant
R02230,0,Champions
R02231,2,At-Risk
R02233,1,Dormant
R02234,3,Loyal Riders
R02235,2,At-Risk
R02236,1,Dormant
R02237,2,At-Risk
R02238,1,Dormant
R02239,0,Champions
R02240,2,At-Risk
R02241,0,Champions
R02242,1,Dormant
R02243,2,At-Risk
R02244,2,At-Risk
R02245,0,Champions
R02246,0,Champions
R02247,2,At-Risk
R02248,0,Champions
R02249,2,At-Risk
R02250,0,Champions
R02251,2,At-Risk
R02252,1,Dormant
R02253,2,At-Risk
R02254,0,Champions
R02255,1,Dormant
R02257,0,Champions
R02258,2,At-Risk
R02260,1,Dormant
R02261,0,Champions
R02262,2,At-Risk
R02263,2,At-Risk
R02264,0,Champions
R02265,3,Loyal Riders
R02266,1,Dormant
R02267,2,At-Risk
R02268,0,Champions
R02269,1,Dormant
R02270,2,At-Risk
R02271,2,At-Risk
R02272,2,At-Risk
R02273,0,Champions
R02275,0,Champions
R02276,2,At-Risk
R02277,0,Champions
R02278,2,At-Risk
R02279,2,At-Risk
R02280,0,Champions
R02281,2,At-Risk
R02282,2,At-Risk
R02283,0,Champions
R02284,0,Champions
R02285,1,Dormant
R02287,0,Champions
R02289,0,Champions
R02290,0,Champions
R02291,0,Champions
R02292,2,At-Risk
R02293,0,Champions
R02294,1,Dormant
R02295,2,At-Risk
R02296,2,At-Risk
R02297,0,Champions
R02298,0,Champions
R02299,3,Loyal Riders
R02300,0,Champions
R02301,2,At-Risk
R02302,2,At-Risk
R02303,0,Champions
R02304,1,Dormant
R02305,2,At-Risk
R02307,0,Champions
R02308,0,Champions
R02309,1,Dormant
R02310,0,Champions
R02311,2,At-Risk
R02312,0,Champions
R02314,0,Champions
R02315,0,Champions
R02316,1,Dormant
R02317,0,Champions
R02318,1,Dormant
R02319,0,Champions
R02320,0,Champions
R02321,0,Champions
R02322,0,Champions
R02323,2,At-Risk
R02324,0,Champions
R02325,0,Champions
R02326,3,Loyal Riders
R02327,0,Champions
R02328,2,At-Risk
R02329,2,At-Risk
R02330,3,Loyal Riders
R02331,2,At-Risk
R02332,0,Champions
R02334,0,Champions
R02335,0,Champions
R02336,2,At-Risk
R02337,2,At-Risk
R02338,0,Champions
R02339,2,At-Risk
R02340,2,At-Risk
R02342,2,At-Risk
R02343,0,Champions
R02344,2,At-Risk
R02345,2,At-Risk
R02347,0,Champions
R02348,2,At-Risk
R02349,1,Dormant
R02350,0,Champions
R02351,2,At-Risk
R02352,2,At-Risk
R02353,2,At-Risk
R02354,0,Champions
R02355,2,At-Risk
R02356,0,Champions
R02357,2,At-Risk
R02358,2,At-Risk
R02361,2,At-Risk
R02363,0,Champions
R02364,0,Champions
R02365,2,At-Risk
R02366,1,Dormant
R02367,0,Champions
R02369,2,At-Risk
R02370,0,Champions
R02371,1,Dormant
R02372,0,Champions
R02373,0,Champions
R02374,1,Dormant
R02375,1,Dormant
R02377,1,Dormant
R02378,0,Champions
R02379,0,Champions
R02382,2,At-Risk
R02383,2,At-Risk
R02384,0,Champions
R02385,0,Champions
R02386,0,Champions
R02387,2,At-Risk
R02388,2,At-Risk
R02390,0,Champions
R02391,0,Champions
R02392,2,At-Risk
R02393,0,Champions
R02394,2,At-Risk
R02395,2,At-Risk
R02396,1,Dormant
R02397,2,At-Risk
R02398,0,Champions
R02399,2,At-Risk
R02400,2,At-Risk
R02401,1,Dormant
R02403,0,Champions
R02404,2,At-Risk
R02405,2,At-Risk
R02407,1,Dormant
R02408,3,Loyal Riders
R02409,0,Champions
R02411,2,At-Risk
R02412,2,At-Risk
R02413,2,At-Risk
R02414,0,Champions
R02415,0,Champions
R02416,0,Champions
R02417,2,At-Risk
R02418,2,At-Risk
R02419,2,At-Risk
R02420,2,At-Risk
R02421,2,At-Risk
R02422,2,At-Risk
R02423,2,At-Risk
R02424,0,Champions
R02425,2,At-Risk
R02426,0,Champions
R02427,2,At-Risk
R02428,1,Dormant
R02429,2,At-Risk
R02430,1,Dormant
R02431,1,Dormant
R02432,2,At-Risk
R02434,0,Champions
R02435,3,Loyal Riders
R02436,0,Champions
R02437,0,Champions
R02438,0,Champions
R02439,2,At-Risk
R02440,3,Loyal Riders
R02441,0,Champions
R02442,2,At-Risk
R02443,0,Champions
R02444,3,Loyal Riders
R02445,2,At-Risk
R02446,2,At-Risk
R02447,2,At-Risk
R02448,2,At-Risk
R02449,0,Champions
R02450,2,At-Risk
R02451,0,Champions
R02452,1,Dormant
R02453,2,At-Risk
R02454,2,At-Risk
R02455,2,At-Risk
R02456,2,At-Risk
R02457,1,Dormant
R02458,2,At-Risk
R02459,3,Loyal Riders
R02460,1,Dormant
R02461,1,Dormant
R02462,1,Dormant
R02463,2,At-Risk
R02464,0,Champions
R02465,0,Champions
R02466,3,Loyal Riders
R02467,0,Champions
R02468,0,Champions
R02469,0,Champions
R02470,2,At-Risk
R02471,2,At-Risk
R02472,2,At-Risk
R02473,0,Champions
R02474,2,At-Risk
R02475,0,Champions
R02476,0,Champions
R02477,1,Dormant
R02479,0,Champions
R02482,0,Champions
R02483,3,Loyal Riders
R02484,2,At-Risk
R02485,2,At-Risk
R02486,0,Champions
R02487,1,Dormant
R02489,2,At-Risk
R02490,0,Champions
R02492,3,Loyal Riders
R02495,1,Dormant
R02496,2,At-Risk
R02497,0,Champions
R02498,3,Loyal Riders
R02499,0,Champions
R02500,0,Champions
R02502,2,At-Risk
R02503,2,At-Risk
R02504,0,Champions
R02505,1,Dormant
R02506,0,Champions
R02507,0,Champions
R02508,0,Champions
R02509,2,At-Risk
R02510,2,At-Risk
R02511,2,At-Risk
R02512,2,At-Risk
R02513,3,Loyal Riders
R02515,1,Dormant
R02516,0,Champions
R02517,2,At-Risk
R02518,2,At-Risk
R02519,3,Loyal Riders
R02520,3,Loyal Riders
R02521,0,Champions
R02522,2,At-Risk
R02523,1,Dormant
R02525,2,At-Risk
R02526,2,At-Risk
R02527,3,Loyal Riders
R02529,1,Dormant
R02530,0,Champions
R02531,0,Champions
R02532,2,At-Risk
R02533,0,Champions
R02534,1,Dormant
R02535,0,Champions
R02536,1,Dormant
R02537,2,At-Risk
R02539,1,Dormant
R02540,2,At-Risk
R02541,2,At-Risk
R02542,2,At-Risk
R02543,2,At-Risk
R02544,1,Dormant
R02545,0,Champions
R02546,2,At-Risk
R02547,0,Champions
R02548,2,At-Risk
R02549,1,Dormant
R02550,0,Champions
R02551,3,Loyal Riders
R02552,2,At-Risk
R02553,1,Dormant
R02554,0,Champions
R02555,1,Dormant
R02557,0,Champions
R02558,0,Champions
R02559,2,At-Risk
R02560,2,At-Risk
R02561,2,At-Risk
R02562,1,Dormant
R02563,2,At-Risk
R02564,1,Dormant
R02566,0,Champions
R02567,2,At-Risk
R02569,0,Champions
R02570,0,Champions
R02571,0,Champions
R02572,0,Champions
R02573,2,At-Risk
R02574,2,At-Risk
R02575,2,At-Risk
R02576,2,At-Risk
R02577,3,Loyal Riders
R02578,2,At-Risk
R02580,3,Loyal Riders
R02581,0,Champions
R02583,2,At-Risk
R02584,3,Loyal Riders
R02585,0,Champions
R02586,0,Champions
R02587,1,Dormant
R02588,2,At-Risk
R02589,0,Champions
R02590,0,Champions
R02591,2,At-Risk
R02592,1,Dormant
R02593,0,Champions
R02594,2,At-Risk
R02595,0,Champions
R02596,2,At-Risk
R02597,0,Champions
R02598,2,At-Risk
R02599,2,At-Risk
R02600,2,At-Risk
R02601,1,Dormant
R02602,2,At-Risk
R02603,0,Champions
R02604,3,Loyal Riders
R02605,2,At-Risk
R02606,0,Champions
R02607,1,Dormant
R02608,2,At-Risk
R02609,1,Dormant
R02610,2,At-Risk
R02611,2,At-Risk
R02612,1,Dormant
R02613,2,At-Risk
R02614,2,At-Risk
R02615,0,Champions
R02616,0,Champions
R02617,0,Champions
R02618,2,At-Risk
R02619,0,Champions
R02620,2,At-Risk
R02621,2,At-Risk
R02622,2,At-Risk
R02623,3,Loyal Riders
R02624,1,Dormant
R02625,0,Champions
R02626,2,At-Risk
R02627,1,Dormant
R02629,2,At-Risk
R02630,1,Dormant
R02631,0,Champions
R02632,2,At-Risk
R02633,0,Champions
R02634,2,At-Risk
R02635,2,At-Risk
R02636,2,At-Risk
R02637,0,Champions
R02638,2,At-Risk
R02639,0,Champions
R02640,1,Dormant
R02642,0,Champions
R02643,0,Champions
R02644,0,Champions
R02645,3,Loyal Riders
R02646,0,Champions
R02647,2,At-Risk
R02648,0,Champions
R02649,2,At-Risk
R02650,2,At-Risk
R02652,2,At-Risk
R02653,2,At-Risk
R02654,0,Champions
R02655,0,Champions
R02657,3,Loyal Riders
R02658,2,At-Risk
R02659,2,At-Risk
R02660,2,At-Risk
R02661,1,Dormant
R02662,0,Champions
R02663,0,Champions
R02664,3,Loyal Riders
R02666,2,At-Risk
R02667,2,At-Risk
R02668,2,At-Risk
R02669,2,At-Risk
R02670,2,At-Risk
R02671,0,Champions
R02672,1,Dormant
R02673,2,At-Risk
R02674,3,Loyal Riders
R02676,2,At-Risk
R02677,2,At-Risk
R02678,0,Champions
R02679,0,Champions
R02680,2,At-Risk
R02681,1,Dormant
R02682,1,Dormant
R02683,2,At-Risk
R02684,2,At-Risk
R02685,2,At-Risk
R02686,3,Loyal Riders
R02687,2,At-Risk
R02688,0,Champions
R02689,2,At-Risk
R02690,0,Champions
R02691,0,Champions
R02692,3,Loyal Riders
R02693,1,Dormant
R02694,1,Dormant
R02695,2,At-Risk
R02696,2,At-Risk
R02697,2,At-Risk
R02698,2,At-Risk
R02700,2,At-Risk
R02701,2,At-Risk
R02702,1,Dormant
R02703,1,Dormant
R02704,2,At-Risk
R02705,0,Champions
R02706,3,Loyal Riders
R02707,2,At-Risk
R02708,0,Champions
R02709,0,Champions
R02710,1,Dormant
R02711,0,Champions
R02712,2,At-Risk
R02713,1,Dormant
R02714,0,Champions
R02715,2,At-Risk
R02716,0,Champions
R02717,0,Champions
R02719,2,At-Risk
R02720,0,Champions
R02721,2,At-Risk
R02722,3,Loyal Riders
R02723,2,At-Risk
R02724,2,At-Risk
R02725,2,At-Risk
R02726,2,At-Risk
R02727,0,Champions
R02728,0,Champions
R02729,2,At-Risk
R02730,1,Dormant
R02731,0,Champions
R02732,2,At-Risk
R02733,1,Dormant
R02734,0,Champions
R02735,0,Champions
R02736,0,Champions
R02737,2,At-Risk
R02738,2,At-Risk
R02739,0,Champions
R02740,2,At-Risk
R02741,1,Dormant
R02742,0,Champions
R02743,2,At-Risk
R02744,1,Dormant
R02745,3,Loyal Riders
R02746,2,At-Risk
R02747,0,Champions
R02748,0,Champions
R02749,2,At-Risk
R02750,1,Dormant
R02751,1,Dormant
R02752,1,Dormant
R02753,0,Champions
R02754,2,At-Risk
R02755,2,At-Risk
R02756,0,Champions
R02757,0,Champions
R02758,3,Loyal Riders
R02759,2,At-Risk
R02761,3,Loyal Riders
R02762,2,At-Risk
R02763,1,Dormant
R02764,2,At-Risk
R02765,0,Champions
R02766,2,At-Risk
R02767,0,Champions
R02768,0,Champions
R02769,1,Dormant
R02770,2,At-Risk
R02771,2,At-Risk
R02772,0,Champions
R02773,1,Dormant
R02774,3,Loyal Riders
R02775,0,Champions
R02776,1,Dormant
R02777,0,Champions
R02778,1,Dormant
R02779,2,At-Risk
R02780,2,At-Risk
R02781,2,At-Risk
R02782,0,Champions
R02783,0,Champions
R02784,1,Dormant
R02785,0,Champions
R02786,0,Champions
R02787,2,At-Risk
R02788,0,Champions
R02789,3,Loyal Riders
R02790,2,At-Risk
R02791,2,At-Risk
R02792,1,Dormant
R02793,2,At-Risk
R02794,0,Champions
R02795,2,At-Risk
R02796,0,Champions
R02797,2,At-Risk
R02798,3,Loyal Riders
R02799,0,Champions
R02800,2,At-Risk
R02801,0,Champions
R02802,0,Champions
R02803,1,Dormant
R02804,1,Dormant
R02805,1,Dormant
R02806,2,At-Risk
R02807,2,At-Risk
R02808,0,Champions
R02809,0,Champions
R02810,1,Dormant
R02811,0,Champions
R02812,1,Dormant
R02813,2,At-Risk
R02814,2,At-Risk
R02815,2,At-Risk
R02816,0,Champions
R02817,3,Loyal Riders
R02818,2,At-Risk
R02819,1,Dormant
R02820,2,At-Risk
R02821,1,Dormant
R02822,1,Dormant
R02823,2,At-Risk
R02824,0,Champions
R02825,0,Champions
R02826,0,Champions
R02827,2,At-Risk
R02828,0,Champions
R02829,2,At-Risk
R02830,2,At-Risk
R02831,0,Champions
R02832,1,Dormant
R02833,0,Champions
R02834,1,Dormant
R02835,0,Champions
R02836,1,Dormant
R02837,1,Dormant
R02838,0,Champions
R02839,2,At-Risk
R02840,2,At-Risk
R02841,2,At-Risk
R02842,2,At-Risk
R02843,2,At-Risk
R02844,2,At-Risk
R02845,2,At-Risk
R02846,1,Dormant
R02847,2,At-Risk
R02848,2,At-Risk
R02849,0,Champions
R02850,1,Dormant
R02852,2,At-Risk
R02853,2,At-Risk
R02854,0,Champions
R02855,0,Champions
R02857,1,Dormant
R02858,3,Loyal Riders
R02859,2,At-Risk
R02860,2,At-Risk
R02861,2,At-Risk
R02862,0,Champions
R02863,2,At-Risk
R02864,0,Champions
R02865,0,Champions
R02866,0,Champions
R02867,0,Champions
R02868,1,Dormant
R02869,3,Loyal Riders
R02870,2,At-Risk
R02871,2,At-Risk
R02872,2,At-Risk
R02873,1,Dormant
R02874,0,Champions
R02875,2,At-Risk
R02876,2,At-Risk
R02877,2,At-Risk
R02879,0,Champions
R02882,2,At-Risk
R02883,2,At-Risk
R02884,0,Champions
R02886,2,At-Risk
R02887,2,At-Risk
R02888,2,At-Risk
R02889,0,Champions
R02890,1,Dormant
R02891,1,Dormant
R02892,1,Dormant
R02893,0,Champions
R02894,1,Dormant
R02895,3,Loyal Riders
R02896,0,Champions
R02897,2,At-Risk
R02898,0,Champions
R02900,0,Champions
R02901,2,At-Risk
R02902,1,Dormant
R02903,2,At-Risk
R02904,0,Champions
R02905,1,Dormant
R02906,0,Champions
R02907,0,Champions
R02908,2,At-Risk
R02909,0,Champions
R02911,2,At-Risk
R02912,2,At-Risk
R02913,0,Champions
R02914,3,Loyal Riders
R02915,3,Loyal Riders
R02916,2,At-Risk
R02917,1,Dormant
R02918,1,Dormant
R02919,1,Dormant
R02920,1,Dormant
R02921,0,Champions
R02923,2,At-Risk
R02925,2,At-Risk
R02926,2,At-Risk
R02928,1,Dormant
R02929,2,At-Risk
R02930,2,At-Risk
R02931,3,Loyal Riders
R02932,3,Loyal Riders
R02933,1,Dormant
R02935,0,Champions
R02936,1,Dormant
R02937,0,Champions
R02938,0,Champions
R02939,0,Champions
R02940,2,At-Risk
R02941,2,At-Risk
R02942,0,Champions
R02943,0,Champions
R02944,0,Champions
R02945,0,Champions
R02946,1,Dormant
R02948,2,At-Risk
R02949,2,At-Risk
R02950,2,At-Risk
R02951,0,Champions
R02952,2,At-Risk
R02953,0,Champions
R02954,3,Loyal Riders
R02955,1,Dormant
R02956,2,At-Risk
R02957,2,At-Risk
R02958,1,Dormant
R02959,2,At-Risk
R02960,1,Dormant
R02961,1,Dormant
R02962,2,At-Risk
R02963,0,Champions
R02964,2,At-Risk
R02965,2,At-Risk
R02966,0,Champions
R02967,0,Champions
R02968,1,Dormant
R02969,2,At-Risk
R02970,1,Dormant
R02971,0,Champions
R02972,3,Loyal Riders
R02973,1,Dormant
R02974,0,Champions
R02975,1,Dormant
R02976,2,At-Risk
R02977,2,At-Risk
R02978,2,At-Risk
R02979,0,Champions
R02980,1,Dormant
R02981,2,At-Risk
R02982,0,Champions
R02983,0,Champions
R02984,0,Champions
R02985,2,At-Risk
R02986,2,At-Risk
R02987,0,Champions
R02988,0,Champions
R02989,2,At-Risk
R02991,0,Champions
R02992,0,Champions
R02993,2,At-Risk
R02996,0,Champions
R02997,2,At-Risk
R02998,2,At-Risk
R02999,2,At-Risk
R03000,2,At-Risk
R03001,3,Loyal Riders
R03002,2,At-Risk
R03003,0,Champions
R03004,1,Dormant
R03005,1,Dormant
R03006,2,At-Risk
R03007,2,At-Risk
R03008,2,At-Risk
R03009,3,Loyal Riders
R03011,0,Champions
R03012,1,Dormant
R03013,3,Loyal Riders
R03014,1,Dormant
R03015,0,Champions
R03016,2,At-Risk
R03017,0,Champions
R03018,0,Champions
R03020,0,Champions
R03021,2,At-Risk
R03023,3,Loyal Riders
R03024,2,At-Risk
R03025,1,Dormant
R03026,1,Dormant
R03027,0,Champions
R03028,3,Loyal Riders
R03029,0,Champions
R03030,1,Dormant
R03031,0,Champions
R03032,1,Dormant
R03033,2,At-Risk
R03034,1,Dormant
R03035,2,At-Risk
R03036,0,Champions
R03037,0,Champions
R03038,2,At-Risk
R03039,1,Dormant
R03040,2,At-Risk
R03041,2,At-Risk
R03042,2,At-Risk
R03043,0,Champions
R03044,2,At-Risk
R03045,1,Dormant
R03046,2,At-Risk
R03047,1,Dormant
R03048,1,Dormant
R03049,2,At-Risk
R03050,2,At-Risk
R03052,0,Champions
R03053,1,Dormant
R03054,2,At-Risk
R03055,0,Champions
R03056,0,Champions
R03057,0,Champions
R03058,1,Dormant
R03059,2,At-Risk
R03060,2,At-Risk
R03061,0,Champions
R03062,2,At-Risk
R03063,0,Champions
R03064,0,Champions
R03065,3,Loyal Riders
R03066,2,At-Risk
R03067,2,At-Risk
R03068,1,Dormant
R03069,2,At-Risk
R03070,0,Champions
R03071,2,At-Risk
R03072,3,Loyal Riders
R03073,0,Champions
R03074,2,At-Risk
R03076,1,Dormant
R03077,0,Champions
R03078,2,At-Risk
R03079,2,At-Risk
R03080,1,Dormant
R03081,0,Champions
R03082,0,Champions
R03083,0,Champions
R03084,2,At-Risk
R03085,2,At-Risk
R03086,0,Champions
R03087,2,At-Risk
R03088,1,Dormant
R03089,3,Loyal Riders
R03090,2,At-Risk
R03091,2,At-Risk
R03092,0,Champions
R03093,3,Loyal Riders
R03095,1,Dormant
R03096,0,Champions
R03097,0,Champions
R03099,0,Champions
R03100,0,Champions
R03101,0,Champions
R03102,2,At-Risk
R03103,0,Champions
R03104,0,Champions
R03105,0,Champions
R03106,2,At-Risk
R03107,1,Dormant
R03108,1,Dormant
R03109,0,Champions
R03110,3,Loyal Riders
R03111,2,At-Risk
R03112,1,Dormant
R03113,2,At-Risk
R03114,0,Champions
R03115,2,At-Risk
R03116,2,At-Risk
R03117,0,Champions
R03118,2,At-Risk
R03119,0,Champions
R03120,2,At-Risk
R03121,1,Dormant
R03122,0,Champions
R03123,0,Champions
R03124,1,Dormant
R03125,0,Champions
R03126,2,At-Risk
R03127,1,Dormant
R03128,2,At-Risk
R03129,2,At-Risk
R03130,2,At-Risk
R03131,1,Dormant
R03132,0,Champions
R03133,3,Loyal Riders
R03134,2,At-Risk
R03135,1,Dormant
R03136,2,At-Risk
R03137,1,Dormant
R03138,0,Champions
R03139,1,Dormant
R03140,0,Champions
R03141,2,At-Risk
R03142,2,At-Risk
R03143,0,Champions
R03144,2,At-Risk
R03145,0,Champions
R03146,1,Dormant
R03147,0,Champions
R03148,1,Dormant
R03149,2,At-Risk
R03150,0,Champions
R03152,2,At-Risk
R03153,2,At-Risk
R03154,2,At-Risk
R03155,0,Champions
R03156,0,Champions
R03157,2,At-Risk
R03158,0,Champions
R03159,1,Dormant
R03160,0,Champions
R03161,0,Champions
R03162,2,At-Risk
R03163,2,At-Risk
R03164,2,At-Risk
R03165,0,Champions
R03166,2,At-Risk
R03167,0,Champions
R03169,0,Champions
R03170,1,Dormant
R03172,0,Champions
R03173,0,Champions
R03174,2,At-Risk
R03175,2,At-Risk
R03176,2,At-Risk
R03177,0,Champions
R03178,0,Champions
R03179,0,Champions
R03180,0,Champions
R03181,0,Champions
R03182,1,Dormant
R03183,2,At-Risk
R03184,2,At-Risk
R03185,2,At-Risk
R03186,3,Loyal Riders
R03187,3,Loyal Riders
R03188,0,Champions
R03189,0,Champions
R03190,2,At-Risk
R03191,1,Dormant
R03192,3,Loyal Riders
R03193,2,At-Risk
R03194,1,Dormant
R03195,1,Dormant
R03197,0,Champions
R03199,0,Champions
R03200,0,Champions
R03201,0,Champions
R03202,0,Champions
R03203,2,At-Risk
R03206,1,Dormant
R03207,2,At-Risk
R03208,0,Champions
R03209,2,At-Risk
R03210,0,Champions
R03211,0,Champions
R03212,2,At-Risk
R03213,0,Champions
R03214,0,Champions
R03215,0,Champions
R03216,0,Champions
R03217,0,Champions
R03218,0,Champions
R03219,0,Champions
R03221,2,At-Risk
R03222,0,Champions
R03223,2,At-Risk
R03224,2,At-Risk
R03225,2,At-Risk
R03226,3,Loyal Riders
R03227,2,At-Risk
R03228,2,At-Risk
R03229,2,At-Risk
R03230,2,At-Risk
R03231,0,Champions
R03233,2,At-Risk
R03234,1,Dormant
R03235,1,Dormant
R03236,0,Champions
R03237,3,Loyal Riders
R03238,3,Loyal Riders
R03239,0,Champions
R03240,0,Champions
R03241,0,Champions
R03242,2,At-Risk
R03243,0,Champions
R03244,0,Champions
R03245,1,Dormant
R03246,2,At-Risk
R03247,1,Dormant
R03248,2,At-Risk
R03249,0,Champions
R03250,2,At-Risk
R03251,0,Champions
R03252,2,At-Risk
R03254,2,At-Risk
R03255,1,Dormant
R03256,2,At-Risk
R03257,2,At-Risk
R03258,1,Dormant
R03259,1,Dormant
R03260,2,At-Risk
R03261,1,Dormant
R03262,0,Champions
R03263,0,Champions
R03264,2,At-Risk
R03265,2,At-Risk
R03266,0,Champions
R03267,2,At-Risk
R03268,2,At-Risk
R03269,0,Champions
R03270,3,Loyal Riders
R03272,0,Champions
R03273,2,At-Risk
R03274,2,At-Risk
R03275,1,Dormant
R03276,2,At-Risk
R03277,0,Champions
R03278,0,Champions
R03279,2,At-Risk
R03280,0,Champions
R03281,0,Champions
R03282,2,At-Risk
R03283,2,At-Risk
R03284,2,At-Risk
R03285,3,Loyal Riders
R03286,1,Dormant
R03287,2,At-Risk
R03288,0,Champions
R03289,2,At-Risk
R03290,1,Dormant
R03291,0,Champions
R03292,0,Champions
R03293,1,Dormant
R03294,2,At-Risk
R03295,2,At-Risk
R03296,2,At-Risk
R03297,2,At-Risk
R03298,2,At-Risk
R03299,0,Champions
R03300,2,At-Risk
R03301,2,At-Risk
R03303,2,At-Risk
R03304,0,Champions
R03306,2,At-Risk
R03307,2,At-Risk
R03308,1,Dormant
R03309,2,At-Risk
R03310,2,At-Risk
R03311,0,Champions
R03312,2,At-Risk
R03314,0,Champions
R03315,2,At-Risk
R03316,0,Champions
R03318,2,At-Risk
R03319,0,Champions
R03320,2,At-Risk
R03321,0,Champions
R03322,1,Dormant
R03323,0,Champions
R03324,2,At-Risk
R03325,2,At-Risk
R03326,3,Loyal Riders
R03327,1,Dormant
R03328,2,At-Risk
R03329,2,At-Risk
R03331,1,Dormant
R03332,0,Champions
R03333,0,Champions
R03335,1,Dormant
R03336,2,At-Risk
R03337,0,Champions
R03339,0,Champions
R03340,1,Dormant
R03341,0,Champions
R03342,0,Champions
R03343,1,Dormant
R03344,3,Loyal Riders
R03345,1,Dormant
R03346,0,Champions
R03347,0,Champions
R03348,2,At-Risk
R03349,0,Champions
R03350,2,At-Risk
R03351,0,Champions
R03352,0,Champions
R03353,0,Champions
R03354,1,Dormant
R03355,2,At-Risk
R03356,3,Loyal Riders
R03357,0,Champions
R03359,1,Dormant
R03360,0,Champions
R03361,1,Dormant
R03362,0,Champions
R03363,0,Champions
R03364,0,Champions
R03365,1,Dormant
R03366,1,Dormant
R03367,2,At-Risk
R03368,0,Champions
R03369,2,At-Risk
R03370,2,At-Risk
R03371,0,Champions
R03372,0,Champions
R03373,3,Loyal Riders
R03374,1,Dormant
R03375,2,At-Risk
R03377,2,At-Risk
R03378,2,At-Risk
R03380,1,Dormant
R03381,3,Loyal Riders
R03382,2,At-Risk
R03383,1,Dormant
R03384,2,At-Risk
R03385,0,Champions
R03386,2,At-Risk
R03387,1,Dormant
R03388,1,Dormant
R03389,1,Dormant
R03390,2,At-Risk
R03391,0,Champions
R03392,0,Champions
R03393,2,At-Risk
R03394,3,Loyal Riders
R03395,2,At-Risk
R03396,0,Champions
R03397,0,Champions
R03398,2,At-Risk
R03399,0,Champions
R03400,0,Champions
R03401,0,Champions
R03402,0,Champions
R03403,3,Loyal Riders
R03404,2,At-Risk
R03405,0,Champions
R03407,1,Dormant
R03408,2,At-Risk
R03409,0,Champions
R03410,2,At-Risk
R03411,2,At-Risk
R03412,0,Champions
R03413,0,Champions
R03414,3,Loyal Riders
R03416,2,At-Risk
R03417,2,At-Risk
R03418,1,Dormant
R03419,0,Champions
R03421,2,At-Risk
R03422,2,At-Risk
R03423,1,Dormant
R03424,0,Champions
R03425,0,Champions
R03426,2,At-Risk
R03427,0,Champions
R03428,2,At-Risk
R03429,2,At-Risk
R03430,2,At-Risk
R03431,0,Champions
R03433,0,Champions
R03434,0,Champions
R03435,0,Champions
R03436,0,Champions
R03437,0,Champions
R03438,0,Champions
R03439,2,At-Risk
R03440,2,At-Risk
R03441,2,At-Risk
R03442,1,Dormant
R03444,0,Champions
R03445,2,At-Risk
R03446,3,Loyal Riders
R03447,3,Loyal Riders
R03448,2,At-Risk
R03449,2,At-Risk
R03450,2,At-Risk
R03451,2,At-Risk
R03452,2,At-Risk
R03453,0,Champions
R03454,2,At-Risk
R03455,0,Champions
R03456,0,Champions
R03457,2,At-Risk
R03458,0,Champions
R03459,2,At-Risk
R03460,2,At-Risk
R03461,0,Champions
R03462,1,Dormant
R03463,2,At-Risk
R03464,2,At-Risk
R03465,0,Champions
R03466,1,Dormant
R03467,1,Dormant
R03468,0,Champions
R03469,1,Dormant
R03470,0,Champions
R03471,0,Champions
R03472,2,At-Risk
R03473,3,Loyal Riders
R03474,0,Champions
R03475,2,At-Risk
R03476,2,At-Risk
R03477,0,Champions
R03478,1,Dormant
R03479,2,At-Risk
R03480,2,At-Risk
R03481,1,Dormant
R03482,1,Dormant
R03483,0,Champions
R03484,1,Dormant
R03485,2,At-Risk
R03486,1,Dormant
R03487,3,Loyal Riders
R03488,0,Champions
R03489,2,At-Risk
R03490,2,At-Risk
R03491,0,Champions
R03492,1,Dormant
R03493,0,Champions
R03494,1,Dormant
R03495,2,At-Risk
R03496,0,Champions
R03497,2,At-Risk
R03498,2,At-Risk
R03499,2,At-Risk
R03500,0,Champions
R03501,0,Champions
R03502,3,Loyal Riders
R03503,2,At-Risk
R03505,2,At-Risk
R03506,0,Champions
R03509,0,Champions
R03510,1,Dormant
R03511,0,Champions
R03512,0,Champions
R03513,1,Dormant
R03514,0,Champions
R03515,2,At-Risk
R03516,0,Champions
R03517,2,At-Risk
R03518,1,Dormant
R03519,2,At-Risk
R03521,2,At-Risk
R03522,0,Champions
R03523,2,At-Risk
R03524,1,Dormant
R03525,2,At-Risk
R03526,2,At-Risk
R03527,1,Dormant
R03528,0,Champions
R03529,0,Champions
R03530,2,At-Risk
R03531,1,Dormant
R03532,2,At-Risk
R03533,2,At-Risk
R03534,0,Champions
R03535,0,Champions
R03536,2,At-Risk
R03537,0,Champions
R03538,1,Dormant
R03540,0,Champions
R03541,0,Champions
R03542,2,At-Risk
R03543,0,Champions
R03544,0,Champions
R03545,2,At-Risk
R03547,2,At-Risk
R03548,2,At-Risk
R03549,1,Dormant
R03550,2,At-Risk
R03551,3,Loyal Riders
R03552,3,Loyal Riders
R03553,2,At-Risk
R03554,0,Champions
R03555,2,At-Risk
R03556,2,At-Risk
R03557,0,Champions
R03558,2,At-Risk
R03560,1,Dormant
R03561,2,At-Risk
R03562,0,Champions
R03563,2,At-Risk
R03564,2,At-Risk
R03565,2,At-Risk
R03566,0,Champions
R03567,0,Champions
R03569,0,Champions
R03570,0,Champions
R03571,0,Champions
R03572,2,At-Risk
R03574,2,At-Risk
R03575,2,At-Risk
R03576,0,Champions
R03577,2,At-Risk
R03578,1,Dormant
R03580,2,At-Risk
R03581,2,At-Risk
R03582,1,Dormant
R03583,0,Champions
R03584,1,Dormant
R03585,3,Loyal Riders
R03586,0,Champions
R03588,3,Loyal Riders
R03589,2,At-Risk
R03590,0,Champions
R03591,1,Dormant
R03592,0,Champions
R03593,1,Dormant
R03594,2,At-Risk
R03595,0,Champions
R03596,2,At-Risk
R03597,2,At-Risk
R03598,2,At-Risk
R03599,0,Champions
R03600,1,Dormant
R03601,2,At-Risk
R03602,0,Champions
R03603,2,At-Risk
R03604,0,Champions
R03605,0,Champions
R03606,0,Champions
R03607,0,Champions
R03608,2,At-Risk
R03609,0,Champions
R03610,2,At-Risk
R03611,2,At-Risk
R03612,1,Dormant
R03613,3,Loyal Riders
R03614,2,At-Risk
R03615,2,At-Risk
R03616,2,At-Risk
R03617,0,Champions
R03618,2,At-Risk
R03619,1,Dormant
R03620,0,Champions
R03621,2,At-Risk
R03622,1,Dormant
R03624,2,At-Risk
R03625,0,Champions
R03626,2,At-Risk
R03627,2,At-Risk
R03628,2,At-Risk
R03629,0,Champions
R03630,2,At-Risk
R03631,0,Champions
R03632,0,Champions
R03633,0,Champions
R03634,0,Champions
R03635,2,At-Risk
R03636,0,Champions
R03637,0,Champions
R03638,3,Loyal Riders
R03639,1,Dormant
R03640,1,Dormant
R03641,3,Loyal Riders
R03642,3,Loyal Riders
R03643,0,Champions
R03644,0,Champions
R03645,2,At-Risk
R03646,0,Champions
R03647,0,Champions
R03648,1,Dormant
R03649,1,Dormant
R03651,0,Champions
R03652,1,Dormant
R03653,2,At-Risk
R03654,0,Champions
R03655,2,At-Risk
R03657,2,At-Risk
R03658,2,At-Risk
R03659,0,Champions
R03660,2,At-Risk
R03661,0,Champions
R03662,3,Loyal Riders
R03664,1,Dormant
R03665,0,Champions
R03666,1,Dormant
R03667,1,Dormant
R03668,2,At-Risk
R03669,0,Champions
R03670,1,Dormant
R03671,2,At-Risk
R03672,0,Champions
R03674,2,At-Risk
R03675,2,At-Risk
R03676,0,Champions
R03677,3,Loyal Riders
R03678,2,At-Risk
R03679,1,Dormant
R03680,1,Dormant
R03681,2,At-Risk
R03682,2,At-Risk
R03683,2,At-Risk
R03685,2,At-Risk
R03686,0,Champions
R03688,2,At-Risk
R03689,0,Champions
R03690,0,Champions
R03691,2,At-Risk
R03692,2,At-Risk
R03693,2,At-Risk
R03694,2,At-Risk
R03695,0,Champions
R03696,1,Dormant
R03697,3,Loyal Riders
R03698,0,Champions
R03699,2,At-Risk
R03700,1,Dormant
R03701,0,Champions
R03702,2,At-Risk
R03703,0,Champions
R03704,1,Dormant
R03705,0,Champions
R03706,2,At-Risk
R03707,2,At-Risk
R03708,2,At-Risk
R03709,0,Champions
R03710,2,At-Risk
R03711,0,Champions
R03712,1,Dormant
R03714,1,Dormant
R03715,2,At-Risk
R03716,2,At-Risk
R03717,0,Champions
R03718,1,Dormant
R03719,3,Loyal Riders
R03720,0,Champions
R03722,2,At-Risk
R03723,1,Dormant
R03724,2,At-Risk
R03725,0,Champions
R03726,0,Champions
R03727,2,At-Risk
R03728,0,Champions
R03729,1,Dormant
R03730,2,At-Risk
R03731,0,Champions
R03732,3,Loyal Riders
R03734,2,At-Risk
R03735,2,At-Risk
R03736,0,Champions
R03738,0,Champions
R03740,0,Champions
R03741,2,At-Risk
R03742,0,Champions
R03743,3,Loyal Riders
R03745,0,Champions
R03746,0,Champions
R03747,2,At-Risk
R03748,2,At-Risk
R03749,2,At-Risk
R03750,0,Champions
R03751,0,Champions
R03752,1,Dormant
R03753,0,Champions
R03754,1,Dormant
R03755,0,Champions
R03756,2,At-Risk
R03757,2,At-Risk
R03758,3,Loyal Riders
R03759,2,At-Risk
R03760,1,Dormant
R03761,0,Champions
R03762,2,At-Risk
R03763,1,Dormant
R03764,0,Champions
R03765,0,Champions
R03766,1,Dormant
R03767,2,At-Risk
R03768,0,Champions
R03769,2,At-Risk
R03770,2,At-Risk
R03771,1,Dormant
R03772,1,Dormant
R03773,0,Champions
R03774,2,At-Risk
R03775,0,Champions
R03776,2,At-Risk
R03777,2,At-Risk
R03778,2,At-Risk
R03779,1,Dormant
R03781,0,Champions
R03782,0,Champions
R03783,2,At-Risk
R03784,3,Loyal Riders
R03785,1,Dormant
R03786,1,Dormant
R03787,0,Champions
R03788,1,Dormant
R03789,1,Dormant
R03790,1,Dormant
R03791,2,At-Risk
R03792,0,Champions
R03793,2,At-Risk
R03794,1,Dormant
R03795,0,Champions
R03796,2,At-Risk
R03797,0,Champions
R03798,1,Dormant
R03799,3,Loyal Riders
R03800,2,At-Risk
R03801,0,Champions
R03803,0,Champions
R03804,2,At-Risk
R03805,0,Champions
R03806,2,At-Risk
R03807,2,At-Risk
R03808,1,Dormant
R03809,2,At-Risk
R03810,0,Champions
R03811,1,Dormant
R03812,2,At-Risk
R03813,1,Dormant
R03814,0,Champions
R03816,2,At-Risk
R03817,0,Champions
R03818,2,At-Risk
R03820,1,Dormant
R03821,1,Dormant
R03822,2,At-Risk
R03823,2,At-Risk
R03825,2,At-Risk
R03826,1,Dormant
R03827,2,At-Risk
R03828,2,At-Risk
R03829,0,Champions
R03830,1,Dormant
R03831,0,Champions
R03832,2,At-Risk
R03833,2,At-Risk
R03834,0,Champions
R03835,0,Champions
R03836,0,Champions
R03837,2,At-Risk
R03838,2,At-Risk
R03839,3,Loyal Riders
R03840,2,At-Risk
R03841,0,Champions
R03842,1,Dormant
R03843,0,Champions
R03844,2,At-Risk
R03845,0,Champions
R03846,2,At-Risk
R03847,0,Champions
R03848,0,Champions
R03849,0,Champions
R03850,2,At-Risk
R03851,2,At-Risk
R03852,0,Champions
R03853,2,At-Risk
R03854,1,Dormant
R03855,1,Dormant
R03856,2,At-Risk
R03857,0,Champions
R03859,2,At-Risk
R03861,0,Champions
R03862,0,Champions
R03863,0,Champions
R03864,1,Dormant
R03865,0,Champions
R03866,1,Dormant
R03867,0,Champions
R03868,1,Dormant
R03869,2,At-Risk
R03870,1,Dormant
R03872,0,Champions
R03874,0,Champions
R03875,2,At-Risk
R03876,1,Dormant
R03877,0,Champions
R03878,2,At-Risk
R03879,3,Loyal Riders
R03880,2,At-Risk
R03881,0,Champions
R03882,2,At-Risk
R03883,2,At-Risk
R03884,1,Dormant
R03885,2,At-Risk
R03886,0,Champions
R03887,1,Dormant
R03888,1,Dormant
R03889,3,Loyal Riders
R03890,0,Champions
R03891,2,At-Risk
R03892,0,Champions
R03893,0,Champions
R03894,2,At-Risk
R03895,1,Dormant
R03896,0,Champions
R03897,0,Champions
R03898,0,Champions
R03899,1,Dormant
R03900,0,Champions
R03901,0,Champions
R03902,0,Champions
R03903,2,At-Risk
R03904,2,At-Risk
R03905,0,Champions
R03906,1,Dormant
R03907,0,Champions
R03908,2,At-Risk
R03909,2,At-Risk
R03910,2,At-Risk
R03911,3,Loyal Riders
R03912,2,At-Risk
R03913,0,Champions
R03914,2,At-Risk
R03915,1,Dormant
R03916,2,At-Risk
R03917,2,At-Risk
R03918,2,At-Risk
R03919,1,Dormant
R03920,2,At-Risk
R03921,2,At-Risk
R03922,1,Dormant
R03923,1,Dormant
R03924,0,Champions
R03925,0,Champions
R03926,1,Dormant
R03927,2,At-Risk
R03928,2,At-Risk
R03929,2,At-Risk
R03930,2,At-Risk
R03931,0,Champions
R03932,3,Loyal Riders
R03933,1,Dormant
R03934,1,Dormant
R03936,0,Champions
R03937,1,Dormant
R03938,0,Champions
R03939,1,Dormant
R03940,2,At-Risk
R03941,1,Dormant
R03942,0,Champions
R03943,2,At-Risk
R03944,1,Dormant
R03945,0,Champions
R03948,2,At-Risk
R03949,0,Champions
R03950,0,Champions
R03952,3,Loyal Riders
R03953,2,At-Risk
R03954,3,Loyal Riders
R03955,1,Dormant
R03956,3,Loyal Riders
R03957,2,At-Risk
R03958,2,At-Risk
R03959,0,Champions
R03960,0,Champions
R03961,3,Loyal Riders
R03962,2,At-Risk
R03963,1,Dormant
R03964,1,Dormant
R03965,1,Dormant
R03966,1,Dormant
R03967,2,At-Risk
R03968,2,At-Risk
R03969,1,Dormant
R03970,0,Champions
R03971,0,Champions
R03972,1,Dormant
R03973,2,At-Risk
R03974,3,Loyal Riders
R03975,0,Champions
R03976,2,At-Risk
R03977,2,At-Risk
R03978,0,Champions
R03979,2,At-Risk
R03980,2,At-Risk
R03981,2,At-Risk
R03982,0,Champions
R03983,0,Champions
R03984,3,Loyal Riders
R03985,2,At-Risk
R03986,2,At-Risk
R03987,0,Champions
R03988,0,Champions
R03989,2,At-Risk
R03990,1,Dormant
R03991,0,Champions
R03992,0,Champions
R03993,0,Champions
R03994,2,At-Risk
R03995,0,Champions
R03996,0,Champions
R03997,0,Champions
R03998,1,Dormant
R03999,2,At-Risk
R04000,0,Champions
R04001,2,At-Risk
R04002,0,Champions
R04003,2,At-Risk
R04004,0,Champions
R04005,2,At-Risk
R04006,0,Champions
R04007,2,At-Risk
R04008,2,At-Risk
R04009,1,Dormant
R04010,2,At-Risk
R04011,1,Dormant
R04012,2,At-Risk
R04013,0,Champions
R04014,2,At-Risk
R04015,0,Champions
R04016,0,Champions
R04017,0,Champions
R04018,0,Champions
R04019,0,Champions
R04020,0,Champions
R04022,0,Champions
R04023,2,At-Risk
R04024,1,Dormant
R04025,0,Champions
R04026,3,Loyal Riders
R04027,0,Champions
R04028,2,At-Risk
R04029,2,At-Risk
R04030,2,At-Risk
R04033,0,Champions
R04035,0,Champions
R04036,0,Champions
R04037,3,Loyal Riders
R04038,1,Dormant
R04039,2,At-Risk
R04040,2,At-Risk
R04041,3,Loyal Riders
R04042,1,Dormant
R04043,0,Champions
R04044,0,Champions
R04045,2,At-Risk
R04046,1,Dormant
R04048,0,Champions
R04049,2,At-Risk
R04050,0,Champions
R04051,2,At-Risk
R04052,2,At-Risk
R04053,0,Champions
R04054,2,At-Risk
R04055,1,Dormant
R04056,2,At-Risk
R04057,1,Dormant
R04058,2,At-Risk
R04059,1,Dormant
R04060,2,At-Risk
R04061,0,Champions
R04063,2,At-Risk
R04064,0,Champions
R04065,2,At-Risk
R04066,2,At-Risk
R04067,2,At-Risk
R04068,3,Loyal Riders
R04069,0,Champions
R04070,2,At-Risk
R04071,0,Champions
R04072,1,Dormant
R04073,1,Dormant
R04074,2,At-Risk
R04075,2,At-Risk
R04076,2,At-Risk
R04077,3,Loyal Riders
R04079,0,Champions
R04080,0,Champions
R04082,0,Champions
R04083,2,At-Risk
R04085,1,Dormant
R04086,2,At-Risk
R04087,1,Dormant
R04088,0,Champions
R04089,0,Champions
R04090,0,Champions
R04091,0,Champions
R04092,1,Dormant
R04093,2,At-Risk
R04094,2,At-Risk
R04095,0,Champions
R04096,0,Champions
R04097,2,At-Risk
R04098,0,Champions
R04099,2,At-Risk
R04100,2,At-Risk
R04102,1,Dormant
R04103,2,At-Risk
R04104,0,Champions
R04105,0,Champions
R04106,1,Dormant
R04107,2,At-Risk
R04108,2,At-Risk
R04109,0,Champions
R04110,1,Dormant
R04111,1,Dormant
R04112,0,Champions
R04113,0,Champions
R04114,0,Champions
R04115,2,At-Risk
R04116,2,At-Risk
R04117,2,At-Risk
R04118,0,Champions
R04119,1,Dormant
R04120,0,Champions
R04121,0,Champions
R04123,2,At-Risk
R04124,2,At-Risk
R04125,0,Champions
R04126,0,Champions
R04127,0,Champions
R04128,0,Champions
R04129,2,At-Risk
R04130,1,Dormant
R04131,0,Champions
R04132,0,Champions
R04133,0,Champions
R04134,2,At-Risk
R04135,0,Champions
R04136,0,Champions
R04137,2,At-Risk
R04138,2,At-Risk
R04139,2,At-Risk
R04140,0,Champions
R04141,2,At-Risk
R04143,1,Dormant
R04144,2,At-Risk
R04146,2,At-Risk
R04147,1,Dormant
R04148,0,Champions
R04149,0,Champions
R04151,2,At-Risk
R04152,1,Dormant
R04153,0,Champions
R04154,3,Loyal Riders
R04155,0,Champions
R04156,3,Loyal Riders
R04158,0,Champions
R04159,2,At-Risk
R04160,2,At-Risk
R04161,0,Champions
R04162,0,Champions
R04163,1,Dormant
R04164,1,Dormant
R04165,2,At-Risk
R04167,2,At-Risk
R04168,1,Dormant
R04169,0,Champions
R04170,2,At-Risk
R04171,3,Loyal Riders
R04172,0,Champions
R04173,1,Dormant
R04175,1,Dormant
R04176,1,Dormant
R04179,0,Champions
R04181,0,Champions
R04182,3,Loyal Riders
R04183,0,Champions
R04184,0,Champions
R04185,3,Loyal Riders
R04186,2,At-Risk
R04187,2,At-Risk
R04188,2,At-Risk
R04189,2,At-Risk
R04190,1,Dormant
R04191,0,Champions
R04192,2,At-Risk
R04194,1,Dormant
R04195,2,At-Risk
R04196,1,Dormant
R04198,2,At-Risk
R04199,0,Champions
R04200,1,Dormant
R04201,3,Loyal Riders
R04202,2,At-Risk
R04203,0,Champions
R04204,2,At-Risk
R04206,3,Loyal Riders
R04207,2,At-Risk
R04208,0,Champions
R04209,0,Champions
R04210,2,At-Risk
R04211,0,Champions
R04212,2,At-Risk
R04213,3,Loyal Riders
R04214,1,Dormant
R04215,0,Champions
R04216,1,Dormant
R04217,3,Loyal Riders
R04218,3,Loyal Riders
R04219,2,At-Risk
R04220,0,Champions
R04222,1,Dormant
R04223,1,Dormant
R04224,0,Champions
R04225,2,At-Risk
R04226,0,Champions
R04227,0,Champions
R04228,2,At-Risk
R04229,2,At-Risk
R04230,0,Champions
R04231,1,Dormant
R04232,1,Dormant
R04233,1,Dormant
R04234,3,Loyal Riders
R04235,0,Champions
R04236,2,At-Risk
R04237,2,At-Risk
R04238,3,Loyal Riders
R04239,3,Loyal Riders
R04240,0,Champions
R04241,2,At-Risk
R04242,1,Dormant
R04243,1,Dormant
R04244,0,Champions
R04245,3,Loyal Riders
R04246,2,At-Risk
R04247,2,At-Risk
R04248,2,At-Risk
R04249,1,Dormant
R04250,2,At-Risk
R04251,1,Dormant
R04252,2,At-Risk
R04253,2,At-Risk
R04254,1,Dormant
R04255,0,Champions
R04256,2,At-Risk
R04257,0,Champions
R04258,1,Dormant
R04259,2,At-Risk
R04260,1,Dormant
R04261,2,At-Risk
R04262,1,Dormant
R04263,0,Champions
R04264,0,Champions
R04265,1,Dormant
R04266,0,Champions
R04267,0,Champions
R04268,1,Dormant
R04269,0,Champions
R04270,2,At-Risk
R04271,2,At-Risk
R04272,0,Champions
R04273,1,Dormant
R04274,2,At-Risk
R04275,2,At-Risk
R04276,0,Champions
R04277,1,Dormant
R04278,1,Dormant
R04279,0,Champions
R04281,0,Champions
R04282,2,At-Risk
R04283,2,At-Risk
R04285,2,At-Risk
R04286,2,At-Risk
R04288,0,Champions
R04289,2,At-Risk
R04290,2,At-Risk
R04291,2,At-Risk
R04292,1,Dormant
R04293,0,Champions
R04294,2,At-Risk
R04295,1,Dormant
R04296,0,Champions
R04297,2,At-Risk
R04300,2,At-Risk
R04301,2,At-Risk
R04302,1,Dormant
R04303,0,Champions
R04304,2,At-Risk
R04305,0,Champions
R04306,2,At-Risk
R04307,2,At-Risk
R04308,1,Dormant
R04309,2,At-Risk
R04310,1,Dormant
R04311,2,At-Risk
R04313,2,At-Risk
R04315,2,At-Risk
R04316,0,Champions
R04317,2,At-Risk
R04318,1,Dormant
R04319,0,Champions
R04320,0,Champions
R04321,2,At-Risk
R04322,1,Dormant
R04323,3,Loyal Riders
R04324,2,At-Risk
R04325,2,At-Risk
R04326,0,Champions
R04327,2,At-Risk
R04328,3,Loyal Riders
R04329,2,At-Risk
R04330,2,At-Risk
R04331,3,Loyal Riders
R04332,2,At-Risk
R04333,2,At-Risk
R04334,0,Champions
R04335,0,Champions
R04336,3,Loyal Riders
R04338,1,Dormant
R04339,0,Champions
R04340,1,Dormant
R04341,2,At-Risk
R04342,3,Loyal Riders
R04343,2,At-Risk
R04344,1,Dormant
R04345,0,Champions
R04346,0,Champions
R04347,2,At-Risk
R04348,0,Champions
R04349,0,Champions
R04350,0,Champions
R04351,2,At-Risk
R04352,2,At-Risk
R04353,0,Champions
R04355,1,Dormant
R04356,2,At-Risk
R04357,0,Champions
R04358,0,Champions
R04359,2,At-Risk
R04360,2,At-Risk
R04361,1,Dormant
R04362,0,Champions
R04363,0,Champions
R04364,0,Champions
R04365,2,At-Risk
R04366,0,Champions
R04367,2,At-Risk
R04368,2,At-Risk
R04369,0,Champions
R04370,2,At-Risk
R04371,1,Dormant
R04372,0,Champions
R04373,2,At-Risk
R04374,0,Champions
R04376,1,Dormant
R04378,2,At-Risk
R04379,1,Dormant
R04380,0,Champions
R04381,2,At-Risk
R04382,1,Dormant
R04383,1,Dormant
R04384,2,At-Risk
R04385,2,At-Risk
R04386,0,Champions
R04387,0,Champions
R04388,1,Dormant
R04389,1,Dormant
R04390,3,Loyal Riders
R04391,3,Loyal Riders
R04392,3,Loyal Riders
R04393,2,At-Risk
R04394,1,Dormant
R04395,0,Champions
R04396,0,Champions
R04399,2,At-Risk
R04400,2,At-Risk
R04401,0,Champions
R04402,0,Champions
R04403,0,Champions
R04404,0,Champions
R04405,1,Dormant
R04406,2,At-Risk
R04407,1,Dormant
R04408,2,At-Risk
R04409,2,At-Risk
R04411,2,At-Risk
R04412,3,Loyal Riders
R04413,0,Champions
R04414,0,Champions
R04415,0,Champions
R04416,2,At-Risk
R04417,3,Loyal Riders
R04418,0,Champions
R04419,2,At-Risk
R04420,2,At-Risk
R04421,0,Champions
R04422,2,At-Risk
R04423,2,At-Risk
R04424,0,Champions
R04426,1,Dormant
R04427,0,Champions
R04428,1,Dormant
R04429,2,At-Risk
R04430,1,Dormant
R04431,0,Champions
R04432,2,At-Risk
R04433,2,At-Risk
R04434,1,Dormant
R04435,0,Champions
R04436,2,At-Risk
R04437,2,At-Risk
R04438,2,At-Risk
R04439,1,Dormant
R04440,1,Dormant
R04441,2,At-Risk
R04443,0,Champions
R04444,0,Champions
R04445,2,At-Risk
R04446,2,At-Risk
R04447,1,Dormant
R04448,3,Loyal Riders
R04449,0,Champions
R04450,0,Champions
R04451,2,At-Risk
R04452,2,At-Risk
R04453,2,At-Risk
R04454,0,Champions
R04455,2,At-Risk
R04456,0,Champions
R04457,0,Champions
R04458,2,At-Risk
R04460,0,Champions
R04461,3,Loyal Riders
R04462,1,Dormant
R04463,1,Dormant
R04464,2,At-Risk
R04465,1,Dormant
R04467,0,Champions
R04468,0,Champions
R04469,1,Dormant
R04470,2,At-Risk
R04471,0,Champions
R04472,2,At-Risk
R04473,2,At-Risk
R04474,2,At-Risk
R04475,0,Champions
R04476,0,Champions
R04477,2,At-Risk
R04478,2,At-Risk
R04479,2,At-Risk
R04480,2,At-Risk
R04481,2,At-Risk
R04482,2,At-Risk
R04483,2,At-Risk
R04484,0,Champions
R04485,2,At-Risk
R04486,0,Champions
R04487,0,Champions
R04488,2,At-Risk
R04489,0,Champions
R04490,0,Champions
R04491,2,At-Risk
R04492,2,At-Risk
R04493,2,At-Risk
R04494,2,At-Risk
R04495,0,Champions
R04496,0,Champions
R04497,0,Champions
R04498,2,At-Risk
R04499,0,Champions
R04500,2,At-Risk
R04501,2,At-Risk
R04502,0,Champions
R04503,2,At-Risk
R04504,0,Champions
R04505,2,At-Risk
R04506,0,Champions
R04507,2,At-Risk
R04508,1,Dormant
R04509,0,Champions
R04510,1,Dormant
R04511,2,At-Risk
R04512,0,Champions
R04513,2,At-Risk
R04514,0,Champions
R04515,2,At-Risk
R04516,1,Dormant
R04517,0,Champions
R04518,0,Champions
R04519,2,At-Risk
R04520,0,Champions
R04522,2,At-Risk
R04523,2,At-Risk
R04524,1,Dormant
R04525,1,Dormant
R04526,1,Dormant
R04527,2,At-Risk
R04528,0,Champions
R04529,0,Champions
R04530,2,At-Risk
R04532,2,At-Risk
R04533,0,Champions
R04534,2,At-Risk
R04535,1,Dormant
R04537,3,Loyal Riders
R04538,2,At-Risk
R04539,1,Dormant
R04540,2,At-Risk
R04541,2,At-Risk
R04542,0,Champions
R04543,2,At-Risk
R04544,1,Dormant
R04545,1,Dormant
R04546,2,At-Risk
R04547,0,Champions
R04548,2,At-Risk
R04549,0,Champions
R04550,0,Champions
R04551,2,At-Risk
R04552,0,Champions
R04553,1,Dormant
R04554,2,At-Risk
R04555,1,Dormant
R04557,0,Champions
R04558,3,Loyal Riders
R04559,2,At-Risk
R04560,0,Champions
R04561,0,Champions
R04562,0,Champions
R04563,2,At-Risk
R04564,0,Champions
R04565,2,At-Risk
R04566,2,At-Risk
R04567,2,At-Risk
R04568,1,Dormant
R04569,1,Dormant
R04570,2,At-Risk
R04571,2,At-Risk
R04572,0,Champions
R04573,2,At-Risk
R04574,2,At-Risk
R04575,2,At-Risk
R04576,0,Champions
R04577,2,At-Risk
R04578,0,Champions
R04579,1,Dormant
R04580,0,Champions
R04581,2,At-Risk
R04582,1,Dormant
R04583,1,Dormant
R04584,0,Champions
R04585,0,Champions
R04586,2,At-Risk
R04587,2,At-Risk
R04588,2,At-Risk
R04589,0,Champions
R04590,0,Champions
R04591,2,At-Risk
R04592,3,Loyal Riders
R04593,0,Champions
R04594,0,Champions
R04595,0,Champions
R04596,2,At-Risk
R04597,3,Loyal Riders
R04598,1,Dormant
R04599,0,Champions
R04600,3,Loyal Riders
R04601,1,Dormant
R04602,0,Champions
R04603,2,At-Risk
R04604,0,Champions
R04605,0,Champions
R04606,2,At-Risk
R04607,2,At-Risk
R04608,1,Dormant
R04609,1,Dormant
R04610,2,At-Risk
R04611,2,At-Risk
R04612,2,At-Risk
R04613,2,At-Risk
R04614,2,At-Risk
R04615,2,At-Risk
R04616,0,Champions
R04617,0,Champions
R04618,1,Dormant
R04619,2,At-Risk
R04620,2,At-Risk
R04621,2,At-Risk
R04622,1,Dormant
R04623,0,Champions
R04624,1,Dormant
R04625,0,Champions
R04626,1,Dormant
R04627,2,At-Risk
R04628,0,Champions
R04629,0,Champions
R04630,2,At-Risk
R04631,3,Loyal Riders
R04632,1,Dormant
R04633,0,Champions
R04634,2,At-Risk
R04635,0,Champions
R04636,2,At-Risk
R04637,0,Champions
R04638,0,Champions
R04639,1,Dormant
R04640,0,Champions
R04641,0,Champions
R04642,1,Dormant
R04643,1,Dormant
R04644,2,At-Risk
R04645,0,Champions
R04646,2,At-Risk
R04647,2,At-Risk
R04648,2,At-Risk
R04649,0,Champions
R04650,0,Champions
R04651,0,Champions
R04652,2,At-Risk
R04653,1,Dormant
R04654,2,At-Risk
R04655,0,Champions
R04656,2,At-Risk
R04657,1,Dormant
R04658,2,At-Risk
R04659,0,Champions
R04660,2,At-Risk
R04661,2,At-Risk
R04662,3,Loyal Riders
R04663,0,Champions
R04664,2,At-Risk
R04665,1,Dormant
R04666,2,At-Risk
R04667,2,At-Risk
R04668,3,Loyal Riders
R04670,2,At-Risk
R04671,2,At-Risk
R04672,1,Dormant
R04673,2,At-Risk
R04674,0,Champions
R04675,1,Dormant
R04677,2,At-Risk
R04678,2,At-Risk
R04679,1,Dormant
R04680,2,At-Risk
R04681,0,Champions
R04683,2,At-Risk
R04684,3,Loyal Riders
R04685,2,At-Risk
R04686,2,At-Risk
R04687,0,Champions
R04688,1,Dormant
R04690,2,At-Risk
R04691,2,At-Risk
R04692,0,Champions
R04693,0,Champions
R04694,1,Dormant
R04695,0,Champions
R04696,1,Dormant
R04697,2,At-Risk
R04698,0,Champions
R04699,2,At-Risk
R04700,0,Champions
R04701,3,Loyal Riders
R04702,3,Loyal Riders
R04703,0,Champions
R04704,2,At-Risk
R04705,0,Champions
R04706,3,Loyal Riders
R04707,1,Dormant
R04708,0,Champions
R04709,0,Champions
R04710,2,At-Risk
R04711,2,At-Risk
R04713,1,Dormant
R04715,2,At-Risk
R04716,0,Champions
R04717,0,Champions
R04718,2,At-Risk
R04719,2,At-Risk
R04720,1,Dormant
R04721,2,At-Risk
R04722,0,Champions
R04723,3,Loyal Riders
R04724,0,Champions
R04725,0,Champions
R04726,2,At-Risk
R04727,0,Champions
R04728,0,Champions
R04729,1,Dormant
R04730,0,Champions
R04731,2,At-Risk
R04732,1,Dormant
R04733,0,Champions
R04734,2,At-Risk
R04735,2,At-Risk
R04736,2,At-Risk
R04737,2,At-Risk
R04738,1,Dormant
R04740,0,Champions
R04741,1,Dormant
R04742,2,At-Risk
R04743,2,At-Risk
R04744,2,At-Risk
R04745,1,Dormant
R04746,0,Champions
R04747,1,Dormant
R04748,3,Loyal Riders
R04749,1,Dormant
R04750,0,Champions
R04751,0,Champions
R04752,0,Champions
R04753,1,Dormant
R04754,2,At-Risk
R04755,1,Dormant
R04756,1,Dormant
R04757,2,At-Risk
R04758,1,Dormant
R04759,2,At-Risk
R04760,1,Dormant
R04762,2,At-Risk
R04763,1,Dormant
R04764,1,Dormant
R04765,2,At-Risk
R04766,2,At-Risk
R04767,2,At-Risk
R04768,1,Dormant
R04770,0,Champions
R04771,1,Dormant
R04772,0,Champions
R04774,2,At-Risk
R04775,1,Dormant
R04776,2,At-Risk
R04777,0,Champions
R04778,1,Dormant
R04779,1,Dormant
R04780,2,At-Risk
R04781,0,Champions
R04782,2,At-Risk
R04783,0,Champions
R04784,0,Champions
R04785,0,Champions
R04786,2,At-Risk
R04787,2,At-Risk
R04788,3,Loyal Riders
R04789,2,At-Risk
R04790,0,Champions
R04791,2,At-Risk
R04792,0,Champions
R04795,2,At-Risk
R04797,2,At-Risk
R04798,0,Champions
R04800,2,At-Risk
R04801,0,Champions
R04802,2,At-Risk
R04803,2,At-Risk
R04804,1,Dormant
R04805,0,Champions
R04806,2,At-Risk
R04807,2,At-Risk
R04808,2,At-Risk
R04810,0,Champions
R04811,1,Dormant
R04812,0,Champions
R04813,2,At-Risk
R04814,2,At-Risk
R04815,0,Champions
R04816,0,Champions
R04817,0,Champions
R04818,2,At-Risk
R04819,1,Dormant
R04820,2,At-Risk
R04821,3,Loyal Riders
R04822,2,At-Risk
R04823,2,At-Risk
R04824,2,At-Risk
R04825,2,At-Risk
R04826,0,Champions
R04827,0,Champions
R04828,2,At-Risk
R04829,0,Champions
R04830,0,Champions
R04831,2,At-Risk
R04832,3,Loyal Riders
R04833,2,At-Risk
R04834,3,Loyal Riders
R04835,0,Champions
R04836,1,Dormant
R04838,2,At-Risk
R04839,0,Champions
R04841,2,At-Risk
R04842,2,At-Risk
R04843,0,Champions
R04845,2,At-Risk
R04846,2,At-Risk
R04847,2,At-Risk
R04848,0,Champions
R04849,2,At-Risk
R04850,0,Champions
R04852,3,Loyal Riders
R04853,1,Dormant
R04855,0,Champions
R04856,2,At-Risk
R04857,2,At-Risk
R04858,0,Champions
R04859,2,At-Risk
R04860,1,Dormant
R04861,2,At-Risk
R04862,2,At-Risk
R04863,0,Champions
R04864,0,Champions
R04865,2,At-Risk
R04866,0,Champions
R04867,1,Dormant
R04868,0,Champions
R04869,3,Loyal Riders
R04870,3,Loyal Riders
R04871,2,At-Risk
R04872,2,At-Risk
R04875,2,At-Risk
R04876,0,Champions
R04878,0,Champions
R04879,0,Champions
R04880,0,Champions
R04881,2,At-Risk
R04882,0,Champions
R04883,0,Champions
R04884,0,Champions
R04886,2,At-Risk
R04887,1,Dormant
R04888,3,Loyal Riders
R04889,3,Loyal Riders
R04890,1,Dormant
R04891,0,Champions
R04892,1,Dormant
R04893,2,At-Risk
R04894,0,Champions
R04895,2,At-Risk
R04896,1,Dormant
R04897,2,At-Risk
R04898,3,Loyal Riders
R04899,2,At-Risk
R04900,1,Dormant
R04901,2,At-Risk
R04902,2,At-Risk
R04904,2,At-Risk
R04905,2,At-Risk
R04906,0,Champions
R04907,1,Dormant
R04908,2,At-Risk
R04909,1,Dormant
R04910,2,At-Risk
R04911,2,At-Risk
R04912,1,Dormant
R04913,1,Dormant
R04914,0,Champions
R04915,0,Champions
R04917,0,Champions
R04918,2,At-Risk
R04920,2,At-Risk
R04921,0,Champions
R04922,1,Dormant
R04923,0,Champions
R04924,0,Champions
R04925,0,Champions
R04926,1,Dormant
R04928,2,At-Risk
R04929,2,At-Risk
R04930,2,At-Risk
R04931,1,Dormant
R04932,3,Loyal Riders
R04933,0,Champions
R04934,2,At-Risk
R04935,0,Champions
R04936,1,Dormant
R04937,3,Loyal Riders
R04938,2,At-Risk
R04939,1,Dormant
R04940,1,Dormant
R04941,2,At-Risk
R04942,0,Champions
R04943,1,Dormant
R04944,0,Champions
R04945,2,At-Risk
R04946,0,Champions
R04947,2,At-Risk
R04948,3,Loyal Riders
R04949,2,At-Risk
R04950,2,At-Risk
R04951,0,Champions
R04952,1,Dormant
R04953,2,At-Risk
R04954,0,Champions
R04955,0,Champions
R04957,0,Champions
R04958,0,Champions
R04959,0,Champions
R04960,1,Dormant
R04961,0,Champions
R04962,2,At-Risk
R04963,0,Champions
R04964,0,Champions
R04965,2,At-Risk
R04966,0,Champions
R04967,0,Champions
R04969,1,Dormant
R04970,1,Dormant
R04971,2,At-Risk
R04972,3,Loyal Riders
R04973,1,Dormant
R04974,0,Champions
R04975,0,Champions
R04976,0,Champions
R04977,0,Champions
R04978,1,Dormant
R04979,0,Champions
R04980,0,Champions
R04981,0,Champions
R04982,2,At-Risk
R04983,0,Champions
R04984,2,At-Risk
R04985,2,At-Risk
R04986,2,At-Risk
R04988,0,Champions
R04989,3,Loyal Riders
R04990,0,Champions
R04991,1,Dormant
R04992,1,Dormant
R04993,0,Champions
R04994,1,Dormant
R04995,0,Champions
R04996,2,At-Risk
R04997,0,Champions
R04998,2,At-Risk
R04999,2,At-Risk
R05000,2,At-Risk
R05001,0,Champions
R05002,3,Loyal Riders
R05003,1,Dormant
R05004,2,At-Risk
R05006,3,Loyal Riders
R05008,2,At-Risk
R05009,0,Champions
R05010,0,Champions
R05011,0,Champions
R05012,2,At-Risk
R05013,0,Champions
R05014,2,At-Risk
R05015,2,At-Risk
R05017,1,Dormant
R05018,2,At-Risk
R05019,2,At-Risk
R05020,0,Champions
R05021,0,Champions
R05024,2,At-Risk
R05025,2,At-Risk
R05026,0,Champions
R05027,0,Champions
R05028,0,Champions
R05029,0,Champions
R05030,0,Champions
R05031,2,At-Risk
R05032,1,Dormant
R05033,2,At-Risk
R05034,1,Dormant
R05035,0,Champions
R05036,0,Champions
R05037,0,Champions
R05038,0,Champions
R05039,2,At-Risk
R05040,2,At-Risk
R05041,0,Champions
R05042,0,Champions
R05043,1,Dormant
R05044,1,Dormant
R05045,1,Dormant
R05046,0,Champions
R05047,0,Champions
R05049,2,At-Risk
R05050,3,Loyal Riders
R05051,0,Champions
R05052,0,Champions
R05053,2,At-Risk
R05054,1,Dormant
R05055,2,At-Risk
R05056,0,Champions
R05057,2,At-Risk
R05058,2,At-Risk
R05059,1,Dormant
R05060,0,Champions
R05061,0,Champions
R05062,0,Champions
R05063,0,Champions
R05064,0,Champions
R05065,1,Dormant
R05066,2,At-Risk
R05067,0,Champions
R05068,0,Champions
R05069,0,Champions
R05070,0,Champions
R05071,1,Dormant
R05072,0,Champions
R05073,3,Loyal Riders
R05074,2,At-Risk
R05075,2,At-Risk
R05076,2,At-Risk
R05077,0,Champions
R05078,0,Champions
R05079,0,Champions
R05080,1,Dormant
R05082,0,Champions
R05083,1,Dormant
R05084,2,At-Risk
R05085,2,At-Risk
R05086,2,At-Risk
R05087,1,Dormant
R05088,1,Dormant
R05089,0,Champions
R05090,1,Dormant
R05092,2,At-Risk
R05093,2,At-Risk
R05094,3,Loyal Riders
R05095,2,At-Risk
R05096,2,At-Risk
R05097,2,At-Risk
R05098,0,Champions
R05099,2,At-Risk
R05100,1,Dormant
R05101,2,At-Risk
R05102,1,Dormant
R05104,0,Champions
R05105,1,Dormant
R05106,2,At-Risk
R05107,2,At-Risk
R05108,0,Champions
R05109,0,Champions
R05110,2,At-Risk
R05111,2,At-Risk
R05112,1,Dormant
R05113,0,Champions
R05114,1,Dormant
R05115,2,At-Risk
R05116,1,Dormant
R05117,2,At-Risk
R05119,1,Dormant
R05120,0,Champions
R05121,0,Champions
R05122,0,Champions
R05123,0,Champions
R05124,2,At-Risk
R05125,2,At-Risk
R05126,1,Dormant
R05127,0,Champions
R05128,2,At-Risk
R05129,0,Champions
R05130,2,At-Risk
R05131,2,At-Risk
R05132,2,At-Risk
R05133,0,Champions
R05134,0,Champions
R05135,2,At-Risk
R05136,0,Champions
R05137,1,Dormant
R05138,2,At-Risk
R05139,0,Champions
R05140,0,Champions
R05141,0,Champions
R05142,1,Dormant
R05143,0,Champions
R05144,2,At-Risk
R05145,2,At-Risk
R05146,0,Champions
R05148,1,Dormant
R05149,0,Champions
R05150,0,Champions
R05151,0,Champions
R05152,0,Champions
R05153,0,Champions
R05154,2,At-Risk
R05155,0,Champions
R05156,0,Champions
R05157,2,At-Risk
R05158,0,Champions
R05160,1,Dormant
R05161,0,Champions
R05164,2,At-Risk
R05165,0,Champions
R05166,2,At-Risk
R05167,2,At-Risk
R05168,2,At-Risk
R05169,2,At-Risk
R05170,0,Champions
R05171,2,At-Risk
R05172,2,At-Risk
R05173,3,Loyal Riders
R05174,2,At-Risk
R05175,1,Dormant
R05176,0,Champions
R05177,1,Dormant
R05179,0,Champions
R05180,1,Dormant
R05181,1,Dormant
R05182,2,At-Risk
R05183,2,At-Risk
R05184,2,At-Risk
R05185,2,At-Risk
R05186,2,At-Risk
R05187,2,At-Risk
R05188,0,Champions
R05189,0,Champions
R05190,0,Champions
R05191,1,Dormant
R05193,0,Champions
R05195,0,Champions
R05196,0,Champions
R05197,2,At-Risk
R05198,0,Champions
R05199,0,Champions
R05200,1,Dormant
R05201,0,Champions
R05202,2,At-Risk
R05203,0,Champions
R05204,2,At-Risk
R05205,0,Champions
R05206,0,Champions
R05207,1,Dormant
R05208,0,Champions
R05209,2,At-Risk
R05210,1,Dormant
R05211,2,At-Risk
R05212,2,At-Risk
R05213,3,Loyal Riders
R05214,2,At-Risk
R05215,0,Champions
R05216,2,At-Risk
R05217,2,At-Risk
R05218,0,Champions
R05219,1,Dormant
R05220,0,Champions
R05221,0,Champions
R05222,1,Dormant
R05223,0,Champions
R05224,2,At-Risk
R05225,0,Champions
R05226,0,Champions
R05227,0,Champions
R05228,0,Champions
R05229,0,Champions
R05230,0,Champions
R05231,0,Champions
R05232,2,At-Risk
R05233,1,Dormant
R05234,0,Champions
R05235,0,Champions
R05236,3,Loyal Riders
R05237,0,Champions
R05238,0,Champions
R05239,0,Champions
R05240,0,Champions
R05241,2,At-Risk
R05242,0,Champions
R05243,2,At-Risk
R05244,1,Dormant
R05245,2,At-Risk
R05246,0,Champions
R05247,2,At-Risk
R05248,0,Champions
R05249,1,Dormant
R05250,1,Dormant
R05251,0,Champions
R05252,2,At-Risk
R05253,0,Champions
R05254,0,Champions
R05255,1,Dormant
R05256,2,At-Risk
R05257,2,At-Risk
R05258,1,Dormant
R05259,2,At-Risk
R05260,1,Dormant
R05261,2,At-Risk
R05263,0,Champions
R05264,0,Champions
R05265,2,At-Risk
R05266,0,Champions
R05267,0,Champions
R05268,1,Dormant
R05269,2,At-Risk
R05270,1,Dormant
R05271,2,At-Risk
R05272,2,At-Risk
R05273,0,Champions
R05274,0,Champions
R05275,2,At-Risk
R05276,2,At-Risk
R05277,2,At-Risk
R05278,0,Champions
R05279,0,Champions
R05280,2,At-Risk
R05281,2,At-Risk
R05282,0,Champions
R05283,0,Champions
R05284,0,Champions
R05285,0,Champions
R05286,0,Champions
R05287,2,At-Risk
R05288,0,Champions
R05290,3,Loyal Riders
R05291,0,Champions
R05292,1,Dormant
R05294,2,At-Risk
R05295,1,Dormant
R05296,1,Dormant
R05297,2,At-Risk
R05298,1,Dormant
R05300,2,At-Risk
R05302,3,Loyal Riders
R05303,2,At-Risk
R05304,2,At-Risk
R05305,2,At-Risk
R05306,3,Loyal Riders
R05307,1,Dormant
R05308,1,Dormant
R05309,2,At-Risk
R05310,0,Champions
R05311,2,At-Risk
R05313,0,Champions
R05314,1,Dormant
R05315,1,Dormant
R05317,2,At-Risk
R05318,0,Champions
R05319,2,At-Risk
R05320,0,Champions
R05321,0,Champions
R05322,2,At-Risk
R05323,2,At-Risk
R05324,1,Dormant
R05325,2,At-Risk
R05326,0,Champions
R05327,0,Champions
R05329,0,Champions
R05331,2,At-Risk
R05332,0,Champions
R05333,0,Champions
R05334,2,At-Risk
R05336,2,At-Risk
R05337,0,Champions
R05338,0,Champions
R05339,1,Dormant
R05341,2,At-Risk
R05342,0,Champions
R05344,0,Champions
R05345,1,Dormant
R05346,1,Dormant
R05347,1,Dormant
R05348,1,Dormant
R05349,0,Champions
R05352,2,At-Risk
R05353,1,Dormant
R05354,0,Champions
R05356,2,At-Risk
R05357,2,At-Risk
R05358,1,Dormant
R05359,0,Champions
R05360,2,At-Risk
R05361,2,At-Risk
R05362,0,Champions
R05363,2,At-Risk
R05364,2,At-Risk
R05365,2,At-Risk
R05366,1,Dormant
R05367,0,Champions
R05368,1,Dormant
R05369,0,Champions
R05370,0,Champions
R05372,0,Champions
R05373,0,Champions
R05375,0,Champions
R05376,2,At-Risk
R05377,2,At-Risk
R05378,2,At-Risk
R05379,1,Dormant
R05381,2,At-Risk
R05382,2,At-Risk
R05383,1,Dormant
R05384,1,Dormant
R05385,2,At-Risk
R05386,0,Champions
R05387,3,Loyal Riders
R05388,2,At-Risk
R05389,2,At-Risk
R05390,1,Dormant
R05391,0,Champions
R05392,0,Champions
R05393,0,Champions
R05394,0,Champions
R05395,0,Champions
R05396,0,Champions
R05397,2,At-Risk
R05398,0,Champions
R05399,2,At-Risk
R05400,2,At-Risk
R05401,0,Champions
R05402,2,At-Risk
R05404,1,Dormant
R05405,0,Champions
R05406,1,Dormant
R05407,1,Dormant
R05408,2,At-Risk
R05409,0,Champions
R05410,2,At-Risk
R05411,1,Dormant
R05412,2,At-Risk
R05413,2,At-Risk
R05414,2,At-Risk
R05415,2,At-Risk
R05416,2,At-Risk
R05417,2,At-Risk
R05418,0,Champions
R05419,2,At-Risk
R05420,0,Champions
R05421,2,At-Risk
R05422,2,At-Risk
R05423,3,Loyal Riders
R05425,0,Champions
R05426,2,At-Risk
R05427,0,Champions
R05428,0,Champions
R05429,0,Champions
R05430,1,Dormant
R05431,2,At-Risk
R05432,2,At-Risk
R05433,2,At-Risk
R05434,2,At-Risk
R05435,0,Champions
R05436,1,Dormant
R05438,2,At-Risk
R05439,0,Champions
R05441,1,Dormant
R05442,2,At-Risk
R05443,0,Champions
R05444,2,At-Risk
R05445,1,Dormant
R05446,3,Loyal Riders
R05447,0,Champions
R05448,0,Champions
R05449,0,Champions
R05450,2,At-Risk
R05451,0,Champions
R05452,0,Champions
R05453,2,At-Risk
R05454,1,Dormant
R05456,0,Champions
R05457,1,Dormant
R05458,2,At-Risk
R05459,2,At-Risk
R05460,0,Champions
R05461,0,Champions
R05462,3,Loyal Riders
R05463,2,At-Risk
R05464,0,Champions
R05466,2,At-Risk
R05467,1,Dormant
R05468,2,At-Risk
R05469,0,Champions
R05470,0,Champions
R05471,2,At-Risk
R05472,1,Dormant
R05473,0,Champions
R05474,2,At-Risk
R05475,2,At-Risk
R05476,2,At-Risk
R05477,3,Loyal Riders
R05478,0,Champions
R05479,0,Champions
R05480,2,At-Risk
R05481,2,At-Risk
R05482,2,At-Risk
R05483,0,Champions
R05484,0,Champions
R05485,2,At-Risk
R05486,2,At-Risk
R05487,2,At-Risk
R05488,2,At-Risk
R05489,2,At-Risk
R05490,2,At-Risk
R05491,2,At-Risk
R05492,0,Champions
R05493,3,Loyal Riders
R05494,0,Champions
R05495,0,Champions
R05496,0,Champions
R05498,2,At-Risk
R05499,1,Dormant
R05500,1,Dormant
R05501,0,Champions
R05502,0,Champions
R05504,0,Champions
R05505,2,At-Risk
R05506,2,At-Risk
R05507,2,At-Risk
R05509,2,At-Risk
R05510,1,Dormant
R05511,1,Dormant
R05512,0,Champions
R05513,0,Champions
R05514,0,Champions
R05515,3,Loyal Riders
R05516,0,Champions
R05517,1,Dormant
R05518,2,At-Risk
R05519,0,Champions
R05520,3,Loyal Riders
R05521,2,At-Risk
R05522,2,At-Risk
R05523,2,At-Risk
R05524,2,At-Risk
R05525,0,Champions
R05526,2,At-Risk
R05528,2,At-Risk
R05529,1,Dormant
R05530,1,Dormant
R05531,2,At-Risk
R05532,2,At-Risk
R05533,0,Champions
R05534,2,At-Risk
R05535,2,At-Risk
R05536,2,At-Risk
R05537,2,At-Risk
R05538,1,Dormant
R05539,2,At-Risk
R05540,2,At-Risk
R05541,2,At-Risk
R05544,1,Dormant
R05545,3,Loyal Riders
R05546,2,At-Risk
R05547,2,At-Risk
R05548,2,At-Risk
R05549,1,Dormant
R05550,0,Champions
R05551,0,Champions
R05553,2,At-Risk
R05554,2,At-Risk
R05555,0,Champions
R05556,1,Dormant
R05557,1,Dormant
R05558,3,Loyal Riders
R05559,0,Champions
R05560,1,Dormant
R05561,1,Dormant
R05562,0,Champions
R05563,2,At-Risk
R05564,2,At-Risk
R05565,2,At-Risk
R05566,0,Champions
R05567,2,At-Risk
R05568,2,At-Risk
R05569,2,At-Risk
R05571,2,At-Risk
R05572,0,Champions
R05573,0,Champions
R05574,1,Dormant
R05575,0,Champions
R05576,0,Champions
R05577,2,At-Risk
R05578,0,Champions
R05579,2,At-Risk
R05580,2,At-Risk
R05581,0,Champions
R05582,1,Dormant
R05583,1,Dormant
R05584,0,Champions
R05585,1,Dormant
R05586,0,Champions
R05587,2,At-Risk
R05588,0,Champions
R05589,0,Champions
R05590,0,Champions
R05591,1,Dormant
R05592,0,Champions
R05593,0,Champions
R05594,0,Champions
R05595,0,Champions
R05597,0,Champions
R05598,0,Champions
R05599,1,Dormant
R05600,1,Dormant
R05601,3,Loyal Riders
R05602,0,Champions
R05603,0,Champions
R05604,0,Champions
R05605,0,Champions
R05606,2,At-Risk
R05607,2,At-Risk
R05608,1,Dormant
R05609,0,Champions
R05610,1,Dormant
R05611,2,At-Risk
R05612,2,At-Risk
R05613,2,At-Risk
R05614,3,Loyal Riders
R05615,0,Champions
R05618,1,Dormant
R05619,0,Champions
R05620,2,At-Risk
R05621,1,Dormant
R05622,0,Champions
R05623,0,Champions
R05624,0,Champions
R05625,0,Champions
R05627,2,At-Risk
R05628,2,At-Risk
R05629,2,At-Risk
R05630,0,Champions
R05631,1,Dormant
R05632,0,Champions
R05633,1,Dormant
R05634,0,Champions
R05635,0,Champions
R05636,2,At-Risk
R05637,0,Champions
R05638,1,Dormant
R05639,0,Champions
R05640,2,At-Risk
R05641,0,Champions
R05642,3,Loyal Riders
R05643,2,At-Risk
R05644,2,At-Risk
R05645,3,Loyal Riders
R05646,1,Dormant
R05647,1,Dormant
R05648,0,Champions
R05649,1,Dormant
R05650,2,At-Risk
R05651,0,Champions
R05652,0,Champions
R05653,0,Champions
R05654,0,Champions
R05655,0,Champions
R05656,0,Champions
R05657,0,Champions
R05658,0,Champions
R05659,2,At-Risk
R05660,2,At-Risk
R05661,0,Champions
R05662,2,At-Risk
R05663,2,At-Risk
R05664,2,At-Risk
R05665,0,Champions
R05666,2,At-Risk
R05667,0,Champions
R05668,2,At-Risk
R05670,0,Champions
R05671,2,At-Risk
R05672,2,At-Risk
R05673,3,Loyal Riders
R05675,2,At-Risk
R05676,2,At-Risk
R05677,2,At-Risk
R05678,2,At-Risk
R05679,2,At-Risk
R05680,2,At-Risk
R05681,0,Champions
R05682,2,At-Risk
R05683,1,Dormant
R05684,0,Champions
R05685,0,Champions
R05686,0,Champions
R05687,1,Dormant
R05688,1,Dormant
R05689,2,At-Risk
R05690,0,Champions
R05692,0,Champions
R05693,2,At-Risk
R05695,0,Champions
R05696,0,Champions
R05697,0,Champions
R05698,2,At-Risk
R05699,1,Dormant
R05700,2,At-Risk
R05702,0,Champions
R05703,2,At-Risk
R05704,1,Dormant
R05705,1,Dormant
R05706,0,Champions
R05707,1,Dormant
R05708,2,At-Risk
R05709,1,Dormant
R05711,0,Champions
R05712,2,At-Risk
R05713,0,Champions
R05715,0,Champions
R05716,2,At-Risk
R05717,1,Dormant
R05718,0,Champions
R05719,3,Loyal Riders
R05720,0,Champions
R05721,2,At-Risk
R05722,3,Loyal Riders
R05723,2,At-Risk
R05724,0,Champions
R05725,2,At-Risk
R05726,2,At-Risk
R05728,2,At-Risk
R05729,0,Champions
R05730,2,At-Risk
R05731,2,At-Risk
R05732,1,Dormant
R05733,2,At-Risk
R05734,2,At-Risk
R05735,2,At-Risk
R05736,2,At-Risk
R05737,2,At-Risk
R05738,1,Dormant
R05739,2,At-Risk
R05740,3,Loyal Riders
R05741,2,At-Risk
R05742,2,At-Risk
R05743,1,Dormant
R05744,3,Loyal Riders
R05745,1,Dormant
R05746,0,Champions
R05747,2,At-Risk
R05748,3,Loyal Riders
R05749,2,At-Risk
R05750,1,Dormant
R05751,2,At-Risk
R05752,0,Champions
R05753,2,At-Risk
R05755,0,Champions
R05756,0,Champions
R05757,0,Champions
R05758,1,Dormant
R05759,1,Dormant
R05760,2,At-Risk
R05761,0,Champions
R05762,1,Dormant
R05763,0,Champions
R05764,1,Dormant
R05765,1,Dormant
R05766,1,Dormant
R05767,1,Dormant
R05768,0,Champions
R05769,1,Dormant
R05771,2,At-Risk
R05772,1,Dormant
R05774,2,At-Risk
R05776,2,At-Risk
R05777,0,Champions
R05778,2,At-Risk
R05779,0,Champions
R05780,2,At-Risk
R05781,3,Loyal Riders
R05782,1,Dormant
R05783,0,Champions
R05784,0,Champions
R05785,2,At-Risk
R05786,1,Dormant
R05787,0,Champions
R05788,0,Champions
R05789,0,Champions
R05790,1,Dormant
R05791,3,Loyal Riders
R05792,2,At-Risk
R05793,3,Loyal Riders
R05794,1,Dormant
R05795,2,At-Risk
R05796,2,At-Risk
R05797,0,Champions
R05798,0,Champions
R05800,2,At-Risk
R05801,1,Dormant
R05802,1,Dormant
R05803,2,At-Risk
R05804,2,At-Risk
R05806,0,Champions
R05807,2,At-Risk
R05808,0,Champions
R05810,2,At-Risk
R05811,2,At-Risk
R05812,3,Loyal Riders
R05813,0,Champions
R05815,2,At-Risk
R05816,0,Champions
R05817,2,At-Risk
R05818,0,Champions
R05819,0,Champions
R05820,3,Loyal Riders
R05821,1,Dormant
R05822,2,At-Risk
R05823,2,At-Risk
R05824,0,Champions
R05825,2,At-Risk
R05826,1,Dormant
R05827,3,Loyal Riders
R05828,2,At-Risk
R05829,1,Dormant
R05830,0,Champions
R05832,0,Champions
R05833,0,Champions
R05834,2,At-Risk
R05835,2,At-Risk
R05836,2,At-Risk
R05837,0,Champions
R05838,1,Dormant
R05839,2,At-Risk
R05840,1,Dormant
R05841,1,Dormant
R05842,1,Dormant
R05843,2,At-Risk
R05844,2,At-Risk
R05845,2,At-Risk
R05846,1,Dormant
R05847,2,At-Risk
R05848,0,Champions
R05849,1,Dormant
R05850,3,Loyal Riders
R05851,2,At-Risk
R05852,2,At-Risk
R05853,0,Champions
R05854,3,Loyal Riders
R05855,2,At-Risk
R05856,2,At-Risk
R05858,2,At-Risk
R05859,1,Dormant
R05860,2,At-Risk
R05861,0,Champions
R05862,0,Champions
R05863,3,Loyal Riders
R05864,2,At-Risk
R05865,0,Champions
R05866,2,At-Risk
R05867,0,Champions
R05868,0,Champions
R05870,2,At-Risk
R05871,3,Loyal Riders
R05872,0,Champions
R05873,1,Dormant
R05874,2,At-Risk
R05875,2,At-Risk
R05876,0,Champions
R05878,1,Dormant
R05879,0,Champions
R05880,2,At-Risk
R05881,2,At-Risk
R05882,1,Dormant
R05883,1,Dormant
R05884,0,Champions
R05885,0,Champions
R05886,0,Champions
R05887,0,Champions
R05888,2,At-Risk
R05889,2,At-Risk
R05890,1,Dormant
R05891,3,Loyal Riders
R05893,0,Champions
R05894,2,At-Risk
R05895,2,At-Risk
R05896,2,At-Risk
R05897,2,At-Risk
R05898,2,At-Risk
R05899,2,At-Risk
R05900,0,Champions
R05901,2,At-Risk
R05902,2,At-Risk
R05903,2,At-Risk
R05904,0,Champions
R05905,2,At-Risk
R05906,2,At-Risk
R05907,2,At-Risk
R05908,2,At-Risk
R05909,0,Champions
R05910,2,At-Risk
R05911,0,Champions
R05912,3,Loyal Riders
R05913,2,At-Risk
R05914,1,Dormant
R05915,1,Dormant
R05916,0,Champions
R05917,2,At-Risk
R05918,0,Champions
R05919,2,At-Risk
R05920,0,Champions
R05921,2,At-Risk
R05922,0,Champions
R05923,1,Dormant
R05924,2,At-Risk
R05925,2,At-Risk
R05926,0,Champions
R05927,2,At-Risk
R05928,2,At-Risk
R05929,2,At-Risk
R05930,3,Loyal Riders
R05931,2,At-Risk
R05934,0,Champions
R05935,0,Champions
R05936,1,Dormant
R05937,0,Champions
R05938,0,Champions
R05940,2,At-Risk
R05941,0,Champions
R05942,0,Champions
R05943,1,Dormant
R05944,2,At-Risk
R05946,0,Champions
R05947,2,At-Risk
R05948,2,At-Risk
R05950,1,Dormant
R05951,2,At-Risk
R05952,0,Champions
R05953,2,At-Risk
R05955,0,Champions
R05956,2,At-Risk
R05957,2,At-Risk
R05958,1,Dormant
R05959,2,At-Risk
R05960,0,Champions
R05961,1,Dormant
R05962,2,At-Risk
R05963,0,Champions
R05964,0,Champions
R05965,0,Champions
R05966,1,Dormant
R05968,0,Champions
R05969,0,Champions
R05970,2,At-Risk
R05972,0,Champions
R05973,1,Dormant
R05974,0,Champions
R05975,0,Champions
R05976,0,Champions
R05977,2,At-Risk
R05978,3,Loyal Riders
R05979,0,Champions
R05980,3,Loyal Riders
R05981,0,Champions
R05982,2,At-Risk
R05983,0,Champions
R05984,0,Champions
R05985,2,At-Risk
R05986,0,Champions
R05987,2,At-Risk
R05988,2,At-Risk
R05989,1,Dormant
R05990,1,Dormant
R05991,0,Champions
R05992,0,Champions
R05993,0,Champions
R05994,0,Champions
R05995,3,Loyal Riders
R05996,3,Loyal Riders
R05997,2,At-Risk
R05998,1,Dormant
R05999,2,At-Risk
R06000,2,At-Risk
R06001,0,Champions
R06002,1,Dormant
R06003,2,At-Risk
R06005,1,Dormant
R06006,0,Champions
R06007,1,Dormant
R06008,0,Champions
R06009,0,Champions
R06010,3,Loyal Riders
R06011,3,Loyal Riders
R06012,2,At-Risk
R06013,0,Champions
R06014,1,Dormant
R06015,2,At-Risk
R06016,2,At-Risk
R06017,3,Loyal Riders
R06018,0,Champions
R06019,2,At-Risk
R06020,0,Champions
R06021,0,Champions
R06022,1,Dormant
R06023,0,Champions
R06024,2,At-Risk
R06025,0,Champions
R06026,2,At-Risk
R06027,2,At-Risk
R06028,3,Loyal Riders
R06029,0,Champions
R06030,2,At-Risk
R06031,0,Champions
R06032,2,At-Risk
R06033,2,At-Risk
R06034,0,Champions
R06035,0,Champions
R06036,0,Champions
R06037,0,Champions
R06038,0,Champions
R06039,0,Champions
R06040,2,At-Risk
R06041,0,Champions
R06042,2,At-Risk
R06043,0,Champions
R06044,1,Dormant
R06045,2,At-Risk
R06046,2,At-Risk
R06047,2,At-Risk
R06048,1,Dormant
R06049,2,At-Risk
R06050,0,Champions
R06051,0,Champions
R06052,1,Dormant
R06053,0,Champions
R06054,3,Loyal Riders
R06055,1,Dormant
R06056,2,At-Risk
R06057,2,At-Risk
R06058,1,Dormant
R06059,0,Champions
R06060,1,Dormant
R06061,2,At-Risk
R06062,2,At-Risk
R06063,0,Champions
R06064,2,At-Risk
R06065,0,Champions
R06066,1,Dormant
R06067,1,Dormant
R06068,2,At-Risk
R06069,0,Champions
R06070,1,Dormant
R06071,3,Loyal Riders
R06072,2,At-Risk
R06073,2,At-Risk
R06074,0,Champions
R06075,0,Champions
R06076,2,At-Risk
R06077,0,Champions
R06078,0,Champions
R06079,2,At-Risk
R06080,2,At-Risk
R06082,2,At-Risk
R06083,2,At-Risk
R06084,2,At-Risk
R06085,1,Dormant
R06086,0,Champions
R06087,1,Dormant
R06088,1,Dormant
R06089,3,Loyal Riders
R06090,2,At-Risk
R06091,2,At-Risk
R06092,0,Champions
R06093,2,At-Risk
R06094,1,Dormant
R06095,2,At-Risk
R06096,1,Dormant
R06097,2,At-Risk
R06098,0,Champions
R06099,0,Champions
R06100,2,At-Risk
R06101,2,At-Risk
R06102,1,Dormant
R06103,0,Champions
R06104,0,Champions
R06105,2,At-Risk
R06106,1,Dormant
R06107,1,Dormant
R06108,0,Champions
R06109,1,Dormant
R06110,0,Champions
R06111,3,Loyal Riders
R06112,3,Loyal Riders
R06113,2,At-Risk
R06114,0,Champions
R06115,0,Champions
R06116,1,Dormant
R06117,2,At-Risk
R06118,1,Dormant
R06120,0,Champions
R06121,0,Champions
R06122,2,At-Risk
R06123,0,Champions
R06124,2,At-Risk
R06125,2,At-Risk
R06126,0,Champions
R06127,0,Champions
R06128,2,At-Risk
R06129,1,Dormant
R06130,1,Dormant
R06131,2,At-Risk
R06132,1,Dormant
R06133,2,At-Risk
R06134,1,Dormant
R06135,2,At-Risk
R06136,3,Loyal Riders
R06137,2,At-Risk
R06138,2,At-Risk
R06139,0,Champions
R06140,2,At-Risk
R06141,0,Champions
R06142,1,Dormant
R06143,2,At-Risk
R06144,0,Champions
R06145,2,At-Risk
R06146,3,Loyal Riders
R06147,2,At-Risk
R06148,3,Loyal Riders
R06149,2,At-Risk
R06150,0,Champions
R06151,2,At-Risk
R06152,3,Loyal Riders
R06153,0,Champions
R06154,3,Loyal Riders
R06155,2,At-Risk
R06156,0,Champions
R06157,0,Champions
R06158,0,Champions
R06159,1,Dormant
R06160,3,Loyal Riders
R06161,2,At-Risk
R06162,2,At-Risk
R06163,0,Champions
R06164,0,Champions
R06165,3,Loyal Riders
R06166,2,At-Risk
R06167,3,Loyal Riders
R06169,2,At-Risk
R06170,2,At-Risk
R06171,2,At-Risk
R06172,0,Champions
R06173,2,At-Risk
R06174,1,Dormant
R06176,0,Champions
R06177,0,Champions
R06178,0,Champions
R06179,2,At-Risk
R06180,0,Champions
R06181,2,At-Risk
R06183,2,At-Risk
R06184,2,At-Risk
R06185,0,Champions
R06186,2,At-Risk
R06187,2,At-Risk
R06188,0,Champions
R06189,2,At-Risk
R06191,0,Champions
R06193,0,Champions
R06194,0,Champions
R06195,0,Champions
R06196,2,At-Risk
R06197,1,Dormant
R06198,0,Champions
R06200,2,At-Risk
R06201,0,Champions
R06202,1,Dormant
R06204,2,At-Risk
R06205,0,Champions
R06206,1,Dormant
R06207,0,Champions
R06208,1,Dormant
R06209,2,At-Risk
R06210,0,Champions
R06211,0,Champions
R06213,0,Champions
R06214,1,Dormant
R06215,0,Champions
R06216,0,Champions
R06217,1,Dormant
R06219,0,Champions
R06220,2,At-Risk
R06221,2,At-Risk
R06222,2,At-Risk
R06223,0,Champions
R06224,0,Champions
R06225,0,Champions
R06226,0,Champions
R06228,1,Dormant
R06229,2,At-Risk
R06230,2,At-Risk
R06231,2,At-Risk
R06232,1,Dormant
R06233,3,Loyal Riders
R06234,2,At-Risk
R06235,1,Dormant
R06236,3,Loyal Riders
R06238,0,Champions
R06239,2,At-Risk
R06240,0,Champions
R06241,1,Dormant
R06242,0,Champions
R06243,2,At-Risk
R06244,2,At-Risk
R06245,2,At-Risk
R06246,1,Dormant
R06247,1,Dormant
R06248,0,Champions
R06249,3,Loyal Riders
R06250,1,Dormant
R06251,2,At-Risk
R06252,2,At-Risk
R06253,0,Champions
R06255,0,Champions
R06256,0,Champions
R06257,0,Champions
R06258,0,Champions
R06259,1,Dormant
R06260,0,Champions
R06261,0,Champions
R06262,0,Champions
R06263,0,Champions
R06264,1,Dormant
R06265,2,At-Risk
R06266,0,Champions
R06267,0,Champions
R06268,0,Champions
R06269,0,Champions
R06270,2,At-Risk
R06271,1,Dormant
R06272,0,Champions
R06274,0,Champions
R06275,1,Dormant
R06276,2,At-Risk
R06277,0,Champions
R06278,0,Champions
R06279,2,At-Risk
R06280,2,At-Risk
R06281,2,At-Risk
R06282,2,At-Risk
R06283,0,Champions
R06284,0,Champions
R06285,1,Dormant
R06287,2,At-Risk
R06288,0,Champions
R06289,2,At-Risk
R06290,2,At-Risk
R06291,0,Champions
R06292,2,At-Risk
R06293,2,At-Risk
R06294,0,Champions
R06295,1,Dormant
R06296,1,Dormant
R06297,1,Dormant
R06298,2,At-Risk
R06299,2,At-Risk
R06300,1,Dormant
R06301,2,At-Risk
R06302,2,At-Risk
R06303,0,Champions
R06304,1,Dormant
R06306,0,Champions
R06307,3,Loyal Riders
R06308,0,Champions
R06309,2,At-Risk
R06310,2,At-Risk
R06311,3,Loyal Riders
R06312,0,Champions
R06313,2,At-Risk
R06315,2,At-Risk
R06316,2,At-Risk
R06317,2,At-Risk
R06318,0,Champions
R06319,0,Champions
R06320,2,At-Risk
R06321,2,At-Risk
R06322,2,At-Risk
R06323,2,At-Risk
R06324,1,Dormant
R06325,2,At-Risk
R06326,0,Champions
R06327,0,Champions
R06328,0,Champions
R06329,2,At-Risk
R06330,0,Champions
R06331,1,Dormant
R06332,0,Champions
R06333,0,Champions
R06334,1,Dormant
R06335,1,Dormant
R06336,2,At-Risk
R06338,0,Champions
R06339,3,Loyal Riders
R06340,0,Champions
R06341,3,Loyal Riders
R06342,0,Champions
R06343,0,Champions
R06344,3,Loyal Riders
R06345,1,Dormant
R06346,2,At-Risk
R06347,2,At-Risk
R06348,0,Champions
R06350,1,Dormant
R06351,2,At-Risk
R06352,2,At-Risk
R06353,3,Loyal Riders
R06354,2,At-Risk
R06355,0,Champions
R06356,1,Dormant
R06357,1,Dormant
R06358,2,At-Risk
R06359,0,Champions
R06360,0,Champions
R06361,2,At-Risk
R06362,0,Champions
R06363,0,Champions
R06365,0,Champions
R06366,0,Champions
R06368,1,Dormant
R06369,1,Dormant
R06370,0,Champions
R06371,2,At-Risk
R06372,2,At-Risk
R06373,2,At-Risk
R06374,3,Loyal Riders
R06375,0,Champions
R06376,0,Champions
R06377,0,Champions
R06378,0,Champions
R06379,0,Champions
R06380,2,At-Risk
R06381,3,Loyal Riders
R06382,0,Champions
R06383,2,At-Risk
R06384,2,At-Risk
R06385,0,Champions
R06386,1,Dormant
R06387,1,Dormant
R06388,0,Champions
R06389,1,Dormant
R06390,0,Champions
R06391,0,Champions
R06392,2,At-Risk
R06393,1,Dormant
R06396,0,Champions
R06397,0,Champions
R06398,0,Champions
R06399,0,Champions
R06400,2,At-Risk
R06401,0,Champions
R06403,1,Dormant
R06404,0,Champions
R06405,2,At-Risk
R06406,0,Champions
R06407,0,Champions
R06408,0,Champions
R06409,1,Dormant
R06410,0,Champions
R06411,0,Champions
R06412,2,At-Risk
R06413,2,At-Risk
R06414,0,Champions
R06415,0,Champions
R06416,2,At-Risk
R06417,1,Dormant
R06420,1,Dormant
R06421,2,At-Risk
R06422,2,At-Risk
R06424,0,Champions
R06425,2,At-Risk
R06426,0,Champions
R06427,0,Champions
R06428,0,Champions
R06429,2,At-Risk
R06430,0,Champions
R06431,1,Dormant
R06432,2,At-Risk
R06433,1,Dormant
R06434,2,At-Risk
R06435,2,At-Risk
R06436,0,Champions
R06437,2,At-Risk
R06440,0,Champions
R06441,0,Champions
R06442,0,Champions
R06443,0,Champions
R06444,0,Champions
R06445,0,Champions
R06446,0,Champions
R06447,0,Champions
R06448,2,At-Risk
R06449,2,At-Risk
R06451,2,At-Risk
R06452,2,At-Risk
R06453,1,Dormant
R06454,2,At-Risk
R06455,2,At-Risk
R06456,2,At-Risk
R06457,0,Champions
R06458,2,At-Risk
R06459,0,Champions
R06460,1,Dormant
R06461,2,At-Risk
R06462,1,Dormant
R06463,3,Loyal Riders
R06464,0,Champions
R06465,0,Champions
R06466,1,Dormant
R06467,2,At-Risk
R06469,2,At-Risk
R06470,0,Champions
R06471,1,Dormant
R06472,3,Loyal Riders
R06473,3,Loyal Riders
R06474,0,Champions
R06475,0,Champions
R06476,1,Dormant
R06477,2,At-Risk
R06478,0,Champions
R06479,2,At-Risk
R06480,0,Champions
R06481,2,At-Risk
R06483,0,Champions
R06484,0,Champions
R06485,0,Champions
R06487,2,At-Risk
R06488,2,At-Risk
R06489,2,At-Risk
R06492,0,Champions
R06493,0,Champions
R06494,1,Dormant
R06495,0,Champions
R06497,2,At-Risk
R06498,2,At-Risk
R06499,1,Dormant
R06500,0,Champions
R06501,2,At-Risk
R06502,0,Champions
R06503,0,Champions
R06504,2,At-Risk
R06505,2,At-Risk
R06506,2,At-Risk
R06507,3,Loyal Riders
R06508,1,Dormant
R06509,2,At-Risk
R06510,0,Champions
R06511,0,Champions
R06512,2,At-Risk
R06513,1,Dormant
R06514,2,At-Risk
R06515,2,At-Risk
R06516,0,Champions
R06517,2,At-Risk
R06518,2,At-Risk
R06520,2,At-Risk
R06521,2,At-Risk
R06523,0,Champions
R06524,0,Champions
R06525,2,At-Risk
R06526,1,Dormant
R06528,0,Champions
R06530,1,Dormant
R06531,1,Dormant
R06532,1,Dormant
R06533,2,At-Risk
R06534,2,At-Risk
R06535,0,Champions
R06536,1,Dormant
R06537,2,At-Risk
R06538,0,Champions
R06539,3,Loyal Riders
R06540,2,At-Risk
R06541,1,Dormant
R06542,0,Champions
R06543,0,Champions
R06544,3,Loyal Riders
R06545,0,Champions
R06546,0,Champions
R06547,0,Champions
R06548,0,Champions
R06549,3,Loyal Riders
R06551,2,At-Risk
R06553,1,Dormant
R06554,2,At-Risk
R06556,2,At-Risk
R06557,3,Loyal Riders
R06558,2,At-Risk
R06559,0,Champions
R06560,0,Champions
R06561,2,At-Risk
R06562,1,Dormant
R06563,2,At-Risk
R06564,2,At-Risk
R06565,0,Champions
R06566,2,At-Risk
R06567,0,Champions
R06568,2,At-Risk
R06569,2,At-Risk
R06570,0,Champions
R06571,1,Dormant
R06572,2,At-Risk
R06573,0,Champions
R06574,0,Champions
R06575,0,Champions
R06576,1,Dormant
R06577,0,Champions
R06578,0,Champions
R06579,1,Dormant
R06580,2,At-Risk
R06581,2,At-Risk
R06582,0,Champions
R06583,2,At-Risk
R06584,2,At-Risk
R06585,0,Champions
R06586,2,At-Risk
R06587,2,At-Risk
R06588,3,Loyal Riders
R06591,0,Champions
R06592,3,Loyal Riders
R06593,0,Champions
R06594,0,Champions
R06595,1,Dormant
R06596,1,Dormant
R06597,0,Champions
R06598,0,Champions
R06599,1,Dormant
R06602,1,Dormant
R06603,2,At-Risk
R06604,2,At-Risk
R06605,1,Dormant
R06606,0,Champions
R06607,1,Dormant
R06608,0,Champions
R06609,0,Champions
R06610,0,Champions
R06611,1,Dormant
R06612,0,Champions
R06613,0,Champions
R06614,0,Champions
R06615,2,At-Risk
R06616,2,At-Risk
R06617,1,Dormant
R06618,0,Champions
R06619,0,Champions
R06620,0,Champions
R06621,2,At-Risk
R06622,2,At-Risk
R06623,1,Dormant
R06624,0,Champions
R06625,0,Champions
R06626,0,Champions
R06627,2,At-Risk
R06628,2,At-Risk
R06629,0,Champions
R06630,0,Champions
R06632,2,At-Risk
R06634,2,At-Risk
R06635,2,At-Risk
R06636,1,Dormant
R06637,1,Dormant
R06638,2,At-Risk
R06639,0,Champions
R06640,2,At-Risk
R06641,0,Champions
R06642,2,At-Risk
R06643,2,At-Risk
R06645,2,At-Risk
R06646,0,Champions
R06647,0,Champions
R06648,0,Champions
R06649,0,Champions
R06650,1,Dormant
R06651,2,At-Risk
R06652,2,At-Risk
R06653,2,At-Risk
R06654,0,Champions
R06655,0,Champions
R06656,2,At-Risk
R06657,2,At-Risk
R06658,0,Champions
R06659,2,At-Risk
R06660,2,At-Risk
R06661,2,At-Risk
R06662,0,Champions
R06663,2,At-Risk
R06664,2,At-Risk
R06665,1,Dormant
R06666,0,Champions
R06667,2,At-Risk
R06668,3,Loyal Riders
R06669,3,Loyal Riders
R06670,0,Champions
R06671,2,At-Risk
R06672,2,At-Risk
R06673,1,Dormant
R06674,0,Champions
R06675,1,Dormant
R06676,0,Champions
R06677,2,At-Risk
R06678,1,Dormant
R06679,0,Champions
R06680,2,At-Risk
R06681,1,Dormant
R06682,2,At-Risk
R06683,2,At-Risk
R06684,2,At-Risk
R06685,2,At-Risk
R06686,0,Champions
R06687,0,Champions
R06688,3,Loyal Riders
R06689,3,Loyal Riders
R06690,2,At-Risk
R06691,0,Champions
R06692,2,At-Risk
R06693,0,Champions
R06694,0,Champions
R06695,0,Champions
R06696,2,At-Risk
R06698,3,Loyal Riders
R06699,1,Dormant
R06700,2,At-Risk
R06701,2,At-Risk
R06702,2,At-Risk
R06703,3,Loyal Riders
R06704,0,Champions
R06705,2,At-Risk
R06706,0,Champions
R06707,0,Champions
R06709,0,Champions
R06710,2,At-Risk
R06711,0,Champions
R06712,2,At-Risk
R06713,0,Champions
R06714,1,Dormant
R06715,0,Champions
R06717,0,Champions
R06718,0,Champions
R06719,1,Dormant
R06720,2,At-Risk
R06721,0,Champions
R06722,2,At-Risk
R06723,2,At-Risk
R06724,2,At-Risk
R06725,1,Dormant
R06726,2,At-Risk
R06727,2,At-Risk
R06728,0,Champions
R06730,2,At-Risk
R06731,0,Champions
R06732,1,Dormant
R06733,2,At-Risk
R06734,1,Dormant
R06735,0,Champions
R06736,0,Champions
R06737,2,At-Risk
R06738,0,Champions
R06739,0,Champions
R06740,3,Loyal Riders
R06741,1,Dormant
R06743,2,At-Risk
R06744,0,Champions
R06745,2,At-Risk
R06746,2,At-Risk
R06747,0,Champions
R06748,2,At-Risk
R06749,2,At-Risk
R06750,2,At-Risk
R06751,2,At-Risk
R06752,2,At-Risk
R06753,1,Dormant
R06754,0,Champions
R06755,0,Champions
R06756,0,Champions
R06758,2,At-Risk
R06759,0,Champions
R06760,2,At-Risk
R06761,0,Champions
R06762,0,Champions
R06763,0,Champions
R06764,0,Champions
R06765,0,Champions
R06766,2,At-Risk
R06768,1,Dormant
R06769,1,Dormant
R06770,1,Dormant
R06771,0,Champions
R06772,2,At-Risk
R06773,1,Dormant
R06774,2,At-Risk
R06775,0,Champions
R06776,2,At-Risk
R06777,2,At-Risk
R06778,0,Champions
R06779,2,At-Risk
R06780,1,Dormant
R06781,2,At-Risk
R06782,0,Champions
R06783,0,Champions
R06784,2,At-Risk
R06785,0,Champions
R06786,2,At-Risk
R06788,0,Champions
R06789,0,Champions
R06790,1,Dormant
R06791,3,Loyal Riders
R06792,2,At-Risk
R06793,0,Champions
R06794,0,Champions
R06795,0,Champions
R06796,2,At-Risk
R06797,0,Champions
R06798,0,Champions
R06799,2,At-Risk
R06800,1,Dormant
R06801,2,At-Risk
R06803,0,Champions
R06804,1,Dormant
R06805,0,Champions
R06806,2,At-Risk
R06807,2,At-Risk
R06809,2,At-Risk
R06810,2,At-Risk
R06811,0,Champions
R06812,0,Champions
R06813,2,At-Risk
R06814,2,At-Risk
R06816,2,At-Risk
R06817,0,Champions
R06818,1,Dormant
R06819,2,At-Risk
R06820,2,At-Risk
R06821,1,Dormant
R06822,2,At-Risk
R06823,0,Champions
R06824,2,At-Risk
R06826,2,At-Risk
R06827,1,Dormant
R06828,1,Dormant
R06829,2,At-Risk
R06830,0,Champions
R06831,0,Champions
R06832,0,Champions
R06833,2,At-Risk
R06834,2,At-Risk
R06835,1,Dormant
R06836,1,Dormant
R06837,2,At-Risk
R06838,1,Dormant
R06839,1,Dormant
R06840,2,At-Risk
R06841,3,Loyal Riders
R06842,0,Champions
R06843,0,Champions
R06844,1,Dormant
R06845,0,Champions
R06846,2,At-Risk
R06847,2,At-Risk
R06848,0,Champions
R06849,2,At-Risk
R06850,0,Champions
R06851,2,At-Risk
R06852,0,Champions
R06853,2,At-Risk
R06854,0,Champions
R06856,2,At-Risk
R06857,1,Dormant
R06858,0,Champions
R06859,1,Dormant
R06861,1,Dormant
R06863,0,Champions
R06864,1,Dormant
R06865,1,Dormant
R06866,2,At-Risk
R06867,2,At-Risk
R06868,2,At-Risk
R06869,1,Dormant
R06870,1,Dormant
R06871,2,At-Risk
R06872,0,Champions
R06875,2,At-Risk
R06876,2,At-Risk
R06877,0,Champions
R06878,1,Dormant
R06879,2,At-Risk
R06880,1,Dormant
R06881,1,Dormant
R06883,1,Dormant
R06884,0,Champions
R06885,2,At-Risk
R06886,2,At-Risk
R06887,2,At-Risk
R06888,0,Champions
R06889,3,Loyal Riders
R06890,1,Dormant
R06891,0,Champions
R06892,1,Dormant
R06893,1,Dormant
R06894,0,Champions
R06895,0,Champions
R06896,0,Champions
R06897,1,Dormant
R06898,1,Dormant
R06899,2,At-Risk
R06900,2,At-Risk
R06901,0,Champions
R06902,1,Dormant
R06903,3,Loyal Riders
R06904,0,Champions
R06905,0,Champions
R06906,0,Champions
R06907,1,Dormant
R06908,1,Dormant
R06909,0,Champions
R06911,3,Loyal Riders
R06912,0,Champions
R06913,0,Champions
R06914,2,At-Risk
R06915,0,Champions
R06916,2,At-Risk
R06917,3,Loyal Riders
R06918,0,Champions
R06919,3,Loyal Riders
R06921,1,Dormant
R06923,2,At-Risk
R06924,0,Champions
R06925,0,Champions
R06926,3,Loyal Riders
R06927,3,Loyal Riders
R06928,0,Champions
R06930,2,At-Risk
R06932,1,Dormant
R06933,0,Champions
R06934,2,At-Risk
R06935,2,At-Risk
R06936,1,Dormant
R06937,2,At-Risk
R06938,2,At-Risk
R06939,0,Champions
R06940,1,Dormant
R06941,2,At-Risk
R06943,0,Champions
R06944,1,Dormant
R06945,2,At-Risk
R06946,0,Champions
R06947,0,Champions
R06948,0,Champions
R06949,0,Champions
R06950,0,Champions
R06951,0,Champions
R06952,0,Champions
R06953,1,Dormant
R06954,2,At-Risk
R06955,3,Loyal Riders
R06956,0,Champions
R06957,2,At-Risk
R06958,2,At-Risk
R06959,2,At-Risk
R06960,2,At-Risk
R06961,2,At-Risk
R06962,2,At-Risk
R06963,2,At-Risk
R06964,1,Dormant
R06965,1,Dormant
R06966,2,At-Risk
R06967,2,At-Risk
R06968,1,Dormant
R06970,1,Dormant
R06971,0,Champions
R06972,2,At-Risk
R06973,0,Champions
R06974,0,Champions
R06975,1,Dormant
R06976,2,At-Risk
R06977,1,Dormant
R06978,0,Champions
R06979,2,At-Risk
R06980,2,At-Risk
R06981,0,Champions
R06982,2,At-Risk
R06983,0,Champions
R06984,2,At-Risk
R06985,0,Champions
R06986,1,Dormant
R06987,0,Champions
R06988,0,Champions
R06989,2,At-Risk
R06990,1,Dormant
R06991,2,At-Risk
R06992,0,Champions
R06993,0,Champions
R06994,0,Champions
R06995,2,At-Risk
R06996,1,Dormant
R06997,0,Champions
R06998,1,Dormant
R06999,2,At-Risk
R07000,2,At-Risk
R07001,2,At-Risk
R07002,0,Champions
R07003,0,Champions
R07004,1,Dormant
R07005,2,At-Risk
R07006,0,Champions
R07007,3,Loyal Riders
R07008,2,At-Risk
R07009,1,Dormant
R07010,0,Champions
R07011,1,Dormant
R07012,1,Dormant
R07013,2,At-Risk
R07014,2,At-Risk
R07015,3,Loyal Riders
R07016,0,Champions
R07017,0,Champions
R07019,2,At-Risk
R07020,0,Champions
R07021,0,Champions
R07023,1,Dormant
R07024,0,Champions
R07026,1,Dormant
R07027,2,At-Risk
R07028,0,Champions
R07029,2,At-Risk
R07030,2,At-Risk
R07031,0,Champions
R07032,3,Loyal Riders
R07033,1,Dormant
R07034,1,Dormant
R07035,0,Champions
R07036,2,At-Risk
R07037,0,Champions
R07038,2,At-Risk
R07039,0,Champions
R07040,3,Loyal Riders
R07041,2,At-Risk
R07042,0,Champions
R07043,0,Champions
R07044,1,Dormant
R07045,3,Loyal Riders
R07046,0,Champions
R07047,1,Dormant
R07048,3,Loyal Riders
R07049,2,At-Risk
R07050,2,At-Risk
R07051,2,At-Risk
R07052,0,Champions
R07053,0,Champions
R07054,3,Loyal Riders
R07055,2,At-Risk
R07056,1,Dormant
R07057,1,Dormant
R07058,2,At-Risk
R07059,1,Dormant
R07060,2,At-Risk
R07061,2,At-Risk
R07062,1,Dormant
R07063,2,At-Risk
R07064,2,At-Risk
R07065,2,At-Risk
R07066,1,Dormant
R07067,0,Champions
R07068,2,At-Risk
R07069,2,At-Risk
R07070,0,Champions
R07071,3,Loyal Riders
R07072,2,At-Risk
R07073,0,Champions
R07074,1,Dormant
R07075,2,At-Risk
R07076,1,Dormant
R07077,0,Champions
R07078,1,Dormant
R07079,0,Champions
R07080,2,At-Risk
R07081,2,At-Risk
R07082,1,Dormant
R07083,0,Champions
R07084,0,Champions
R07085,2,At-Risk
R07086,0,Champions
R07087,2,At-Risk
R07088,2,At-Risk
R07089,1,Dormant
R07090,1,Dormant
R07092,2,At-Risk
R07093,0,Champions
R07094,1,Dormant
R07095,0,Champions
R07096,1,Dormant
R07097,0,Champions
R07098,2,At-Risk
R07100,2,At-Risk
R07101,1,Dormant
R07102,2,At-Risk
R07103,0,Champions
R07104,2,At-Risk
R07105,2,At-Risk
R07106,2,At-Risk
R07107,0,Champions
R07108,2,At-Risk
R07109,3,Loyal Riders
R07110,0,Champions
R07111,2,At-Risk
R07112,1,Dormant
R07114,1,Dormant
R07115,0,Champions
R07116,0,Champions
R07117,2,At-Risk
R07118,2,At-Risk
R07119,0,Champions
R07120,0,Champions
R07121,1,Dormant
R07122,2,At-Risk
R07124,0,Champions
R07125,2,At-Risk
R07126,0,Champions
R07127,2,At-Risk
R07128,1,Dormant
R07129,2,At-Risk
R07130,1,Dormant
R07131,1,Dormant
R07132,3,Loyal Riders
R07133,1,Dormant
R07134,1,Dormant
R07135,0,Champions
R07136,0,Champions
R07137,1,Dormant
R07138,0,Champions
R07139,2,At-Risk
R07140,2,At-Risk
R07141,1,Dormant
R07142,0,Champions
R07143,2,At-Risk
R07144,2,At-Risk
R07145,0,Champions
R07147,2,At-Risk
R07148,0,Champions
R07149,1,Dormant
R07150,2,At-Risk
R07151,1,Dormant
R07152,0,Champions
R07153,1,Dormant
R07154,1,Dormant
R07155,2,At-Risk
R07156,0,Champions
R07157,0,Champions
R07158,2,At-Risk
R07159,0,Champions
R07160,2,At-Risk
R07161,2,At-Risk
R07162,2,At-Risk
R07163,2,At-Risk
R07164,0,Champions
R07166,2,At-Risk
R07167,2,At-Risk
R07168,2,At-Risk
R07169,2,At-Risk
R07170,3,Loyal Riders
R07171,2,At-Risk
R07172,3,Loyal Riders
R07173,0,Champions
R07174,1,Dormant
R07175,3,Loyal Riders
R07176,2,At-Risk
R07178,0,Champions
R07179,0,Champions
R07180,0,Champions
R07181,0,Champions
R07182,0,Champions
R07183,0,Champions
R07184,1,Dormant
R07185,2,At-Risk
R07186,0,Champions
R07187,2,At-Risk
R07188,0,Champions
R07189,0,Champions
R07190,0,Champions
R07191,3,Loyal Riders
R07192,0,Champions
R07193,2,At-Risk
R07194,2,At-Risk
R07195,3,Loyal Riders
R07196,0,Champions
R07197,2,At-Risk
R07198,1,Dormant
R07199,1,Dormant
R07200,0,Champions
R07201,1,Dormant
R07202,0,Champions
R07203,0,Champions
R07204,2,At-Risk
R07205,1,Dormant
R07206,2,At-Risk
R07207,0,Champions
R07208,3,Loyal Riders
R07209,0,Champions
R07210,2,At-Risk
R07211,2,At-Risk
R07212,1,Dormant
R07213,2,At-Risk
R07214,3,Loyal Riders
R07215,2,At-Risk
R07216,1,Dormant
R07217,2,At-Risk
R07218,1,Dormant
R07219,2,At-Risk
R07220,0,Champions
R07221,3,Loyal Riders
R07222,2,At-Risk
R07223,2,At-Risk
R07224,2,At-Risk
R07225,0,Champions
R07226,0,Champions
R07227,0,Champions
R07228,0,Champions
R07229,2,At-Risk
R07230,2,At-Risk
R07231,1,Dormant
R07232,0,Champions
R07233,1,Dormant
R07234,1,Dormant
R07235,2,At-Risk
R07236,0,Champions
R07237,0,Champions
R07238,0,Champions
R07239,0,Champions
R07240,2,At-Risk
R07241,2,At-Risk
R07242,0,Champions
R07243,0,Champions
R07244,0,Champions
R07246,0,Champions
R07247,0,Champions
R07248,0,Champions
R07249,0,Champions
R07251,0,Champions
R07252,3,Loyal Riders
R07253,1,Dormant
R07254,2,At-Risk
R07255,0,Champions
R07256,2,At-Risk
R07257,2,At-Risk
R07258,1,Dormant
R07259,0,Champions
R07260,0,Champions
R07261,0,Champions
R07262,0,Champions
R07263,2,At-Risk
R07264,2,At-Risk
R07265,0,Champions
R07266,0,Champions
R07267,1,Dormant
R07268,2,At-Risk
R07269,1,Dormant
R07270,1,Dormant
R07271,2,At-Risk
R07272,1,Dormant
R07274,2,At-Risk
R07275,2,At-Risk
R07276,2,At-Risk
R07277,1,Dormant
R07278,0,Champions
R07279,0,Champions
R07280,1,Dormant
R07282,2,At-Risk
R07283,0,Champions
R07284,0,Champions
R07285,2,At-Risk
R07286,3,Loyal Riders
R07287,0,Champions
R07288,2,At-Risk
R07289,3,Loyal Riders
R07290,2,At-Risk
R07291,0,Champions
R07292,2,At-Risk
R07293,1,Dormant
R07294,0,Champions
R07295,2,At-Risk
R07296,1,Dormant
R07297,2,At-Risk
R07298,2,At-Risk
R07299,0,Champions
R07300,1,Dormant
R07301,1,Dormant
R07302,2,At-Risk
R07303,0,Champions
R07304,1,Dormant
R07305,0,Champions
R07306,3,Loyal Riders
R07308,2,At-Risk
R07309,1,Dormant
R07310,2,At-Risk
R07311,3,Loyal Riders
R07312,0,Champions
R07313,2,At-Risk
R07314,0,Champions
R07315,0,Champions
R07317,3,Loyal Riders
R07318,1,Dormant
R07320,1,Dormant
R07321,0,Champions
R07322,0,Champions
R07324,1,Dormant
R07325,0,Champions
R07326,1,Dormant
R07327,1,Dormant
R07328,3,Loyal Riders
R07329,2,At-Risk
R07330,2,At-Risk
R07331,0,Champions
R07332,0,Champions
R07333,0,Champions
R07334,2,At-Risk
R07335,1,Dormant
R07336,1,Dormant
R07337,1,Dormant
R07338,0,Champions
R07339,0,Champions
R07340,0,Champions
R07341,0,Champions
R07342,0,Champions
R07343,0,Champions
R07344,3,Loyal Riders
R07345,0,Champions
R07346,2,At-Risk
R07347,1,Dormant
R07348,2,At-Risk
R07349,0,Champions
R07350,2,At-Risk
R07351,0,Champions
R07352,0,Champions
R07353,2,At-Risk
R07354,2,At-Risk
R07355,0,Champions
R07357,2,At-Risk
R07358,1,Dormant
R07359,2,At-Risk
R07360,0,Champions
R07361,0,Champions
R07362,0,Champions
R07363,3,Loyal Riders
R07364,1,Dormant
R07365,2,At-Risk
R07366,0,Champions
R07368,3,Loyal Riders
R07369,0,Champions
R07370,0,Champions
R07371,1,Dormant
R07372,0,Champions
R07373,0,Champions
R07374,0,Champions
R07375,2,At-Risk
R07376,2,At-Risk
R07377,2,At-Risk
R07378,0,Champions
R07379,3,Loyal Riders
R07380,3,Loyal Riders
R07381,2,At-Risk
R07382,0,Champions
R07383,1,Dormant
R07384,2,At-Risk
R07385,0,Champions
R07386,0,Champions
R07387,0,Champions
R07388,1,Dormant
R07389,2,At-Risk
R07390,2,At-Risk
R07391,1,Dormant
R07392,1,Dormant
R07393,1,Dormant
R07396,2,At-Risk
R07397,2,At-Risk
R07398,2,At-Risk
R07399,2,At-Risk
R07400,0,Champions
R07401,2,At-Risk
R07403,0,Champions
R07404,0,Champions
R07405,2,At-Risk
R07406,0,Champions
R07407,1,Dormant
R07408,1,Dormant
R07409,2,At-Risk
R07412,0,Champions
R07413,1,Dormant
R07414,1,Dormant
R07415,0,Champions
R07416,1,Dormant
R07417,2,At-Risk
R07418,2,At-Risk
R07419,0,Champions
R07420,0,Champions
R07421,2,At-Risk
R07422,1,Dormant
R07423,0,Champions
R07424,2,At-Risk
R07425,0,Champions
R07426,3,Loyal Riders
R07427,0,Champions
R07428,2,At-Risk
R07429,0,Champions
R07430,2,At-Risk
R07431,2,At-Risk
R07432,1,Dormant
R07433,2,At-Risk
R07434,2,At-Risk
R07435,2,At-Risk
R07436,3,Loyal Riders
R07437,0,Champions
R07438,2,At-Risk
R07439,0,Champions
R07440,0,Champions
R07441,2,At-Risk
R07442,1,Dormant
R07443,2,At-Risk
R07444,0,Champions
R07445,0,Champions
R07446,2,At-Risk
R07447,1,Dormant
R07448,2,At-Risk
R07449,2,At-Risk
R07450,2,At-Risk
R07451,0,Champions
R07452,3,Loyal Riders
R07453,2,At-Risk
R07454,0,Champions
R07455,0,Champions
R07456,2,At-Risk
R07457,1,Dormant
R07458,0,Champions
R07459,0,Champions
R07460,2,At-Risk
R07461,0,Champions
R07462,0,Champions
R07463,2,At-Risk
R07464,2,At-Risk
R07465,0,Champions
R07466,0,Champions
R07467,0,Champions
R07468,0,Champions
R07469,2,At-Risk
R07470,1,Dormant
R07471,2,At-Risk
R07472,0,Champions
R07473,0,Champions
R07475,2,At-Risk
R07476,2,At-Risk
R07477,0,Champions
R07479,0,Champions
R07480,1,Dormant
R07481,2,At-Risk
R07482,0,Champions
R07483,2,At-Risk
R07484,2,At-Risk
R07486,0,Champions
R07487,3,Loyal Riders
R07489,0,Champions
R07490,0,Champions
R07491,0,Champions
R07492,2,At-Risk
R07493,0,Champions
R07494,1,Dormant
R07495,0,Champions
R07496,0,Champions
R07497,2,At-Risk
R07498,0,Champions
R07499,0,Champions
R07500,0,Champions
R07501,2,At-Risk
R07502,1,Dormant
R07503,0,Champions
R07504,1,Dormant
R07505,2,At-Risk
R07506,2,At-Risk
R07507,0,Champions
R07508,0,Champions
R07509,0,Champions
R07510,2,At-Risk
R07511,1,Dormant
R07512,1,Dormant
R07513,0,Champions
R07514,0,Champions
R07515,2,At-Risk
R07516,1,Dormant
R07518,0,Champions
R07520,0,Champions
R07521,2,At-Risk
R07522,3,Loyal Riders
R07523,2,At-Risk
R07524,3,Loyal Riders
R07525,2,At-Risk
R07526,1,Dormant
R07527,0,Champions
R07528,1,Dormant
R07529,2,At-Risk
R07530,2,At-Risk
R07531,2,At-Risk
R07532,2,At-Risk
R07533,1,Dormant
R07534,2,At-Risk
R07535,2,At-Risk
R07536,1,Dormant
R07537,0,Champions
R07539,0,Champions
R07540,2,At-Risk
R07541,1,Dormant
R07542,1,Dormant
R07543,2,At-Risk
R07544,1,Dormant
R07545,2,At-Risk
R07546,2,At-Risk
R07547,0,Champions
R07548,0,Champions
R07549,3,Loyal Riders
R07550,2,At-Risk
R07551,1,Dormant
R07552,0,Champions
R07553,2,At-Risk
R07554,2,At-Risk
R07555,0,Champions
R07556,2,At-Risk
R07557,2,At-Risk
R07558,0,Champions
R07559,2,At-Risk
R07560,0,Champions
R07561,0,Champions
R07563,3,Loyal Riders
R07564,0,Champions
R07565,0,Champions
R07566,2,At-Risk
R07567,1,Dormant
R07568,1,Dormant
R07569,2,At-Risk
R07570,0,Champions
R07571,0,Champions
R07572,0,Champions
R07573,0,Champions
R07574,1,Dormant
R07575,2,At-Risk
R07576,0,Champions
R07577,2,At-Risk
R07578,2,At-Risk
R07579,0,Champions
R07580,0,Champions
R07581,0,Champions
R07582,2,At-Risk
R07583,2,At-Risk
R07584,0,Champions
R07585,0,Champions
R07586,0,Champions
R07587,0,Champions
R07588,1,Dormant
R07589,2,At-Risk
R07590,0,Champions
R07592,0,Champions
R07593,0,Champions
R07594,2,At-Risk
R07596,2,At-Risk
R07597,2,At-Risk
R07598,2,At-Risk
R07599,2,At-Risk
R07600,0,Champions
R07601,0,Champions
R07602,2,At-Risk
R07603,0,Champions
R07604,2,At-Risk
R07605,0,Champions
R07606,0,Champions
R07607,0,Champions
R07608,0,Champions
R07609,2,At-Risk
R07610,0,Champions
R07611,0,Champions
R07612,0,Champions
R07613,2,At-Risk
R07614,2,At-Risk
R07615,2,At-Risk
R07616,2,At-Risk
R07617,2,At-Risk
R07618,0,Champions
R07619,2,At-Risk
R07620,1,Dormant
R07621,1,Dormant
R07623,1,Dormant
R07624,2,At-Risk
R07625,0,Champions
R07626,2,At-Risk
R07627,0,Champions
R07628,0,Champions
R07629,0,Champions
R07630,2,At-Risk
R07631,0,Champions
R07632,1,Dormant
R07633,2,At-Risk
R07634,2,At-Risk
R07635,0,Champions
R07636,1,Dormant
R07637,2,At-Risk
R07638,3,Loyal Riders
R07639,2,At-Risk
R07640,1,Dormant
R07641,2,At-Risk
R07642,2,At-Risk
R07643,1,Dormant
R07644,3,Loyal Riders
R07645,0,Champions
R07646,2,At-Risk
R07647,0,Champions
R07648,0,Champions
R07649,0,Champions
R07650,0,Champions
R07651,2,At-Risk
R07652,2,At-Risk
R07653,0,Champions
R07654,1,Dormant
R07655,3,Loyal Riders
R07656,0,Champions
R07657,0,Champions
R07658,2,At-Risk
R07659,1,Dormant
R07660,0,Champions
R07661,0,Champions
R07663,0,Champions
R07664,1,Dormant
R07665,2,At-Risk
R07667,0,Champions
R07668,2,At-Risk
R07670,0,Champions
R07671,1,Dormant
R07672,0,Champions
R07673,0,Champions
R07674,2,At-Risk
R07675,1,Dormant
R07676,2,At-Risk
R07677,1,Dormant
R07678,1,Dormant
R07679,0,Champions
R07680,1,Dormant
R07681,0,Champions
R07682,0,Champions
R07683,1,Dormant
R07684,0,Champions
R07685,0,Champions
R07686,2,At-Risk
R07687,2,At-Risk
R07688,1,Dormant
R07689,0,Champions
R07690,0,Champions
R07691,0,Champions
R07692,2,At-Risk
R07693,2,At-Risk
R07694,1,Dormant
R07695,2,At-Risk
R07696,0,Champions
R07697,1,Dormant
R07699,3,Loyal Riders
R07700,2,At-Risk
R07701,1,Dormant
R07702,0,Champions
R07703,2,At-Risk
R07704,1,Dormant
R07705,2,At-Risk
R07706,1,Dormant
R07707,3,Loyal Riders
R07708,2,At-Risk
R07709,1,Dormant
R07710,2,At-Risk
R07711,1,Dormant
R07712,0,Champions
R07713,0,Champions
R07714,2,At-Risk
R07715,1,Dormant
R07716,2,At-Risk
R07717,1,Dormant
R07718,0,Champions
R07719,2,At-Risk
R07720,2,At-Risk
R07721,2,At-Risk
R07722,2,At-Risk
R07723,2,At-Risk
R07724,0,Champions
R07725,2,At-Risk
R07726,2,At-Risk
R07727,2,At-Risk
R07728,1,Dormant
R07729,0,Champions
R07730,3,Loyal Riders
R07731,2,At-Risk
R07732,0,Champions
R07733,0,Champions
R07734,2,At-Risk
R07735,2,At-Risk
R07736,2,At-Risk
R07737,1,Dormant
R07738,2,At-Risk
R07739,2,At-Risk
R07740,2,At-Risk
R07741,0,Champions
R07742,1,Dormant
R07743,2,At-Risk
R07744,2,At-Risk
R07745,2,At-Risk
R07746,0,Champions
R07747,0,Champions
R07748,3,Loyal Riders
R07749,1,Dormant
R07750,0,Champions
R07751,0,Champions
R07753,0,Champions
R07754,0,Champions
R07755,2,At-Risk
R07756,0,Champions
R07757,2,At-Risk
R07758,2,At-Risk
R07759,2,At-Risk
R07760,2,At-Risk
R07761,0,Champions
R07763,0,Champions
R07764,2,At-Risk
R07765,1,Dormant
R07766,3,Loyal Riders
R07767,2,At-Risk
R07768,1,Dormant
R07769,0,Champions
R07770,0,Champions
R07771,1,Dormant
R07772,1,Dormant
R07773,1,Dormant
R07774,0,Champions
R07775,2,At-Risk
R07776,2,At-Risk
R07777,0,Champions
R07778,3,Loyal Riders
R07779,0,Champions
R07780,0,Champions
R07781,1,Dormant
R07782,2,At-Risk
R07783,0,Champions
R07784,2,At-Risk
R07785,1,Dormant
R07786,0,Champions
R07787,2,At-Risk
R07788,1,Dormant
R07789,2,At-Risk
R07790,2,At-Risk
R07791,2,At-Risk
R07792,0,Champions
R07793,0,Champions
R07794,2,At-Risk
R07795,2,At-Risk
R07796,1,Dormant
R07797,0,Champions
R07798,2,At-Risk
R07799,1,Dormant
R07800,0,Champions
R07801,1,Dormant
R07802,0,Champions
R07803,2,At-Risk
R07805,0,Champions
R07806,2,At-Risk
R07807,2,At-Risk
R07808,2,At-Risk
R07809,0,Champions
R07810,1,Dormant
R07811,1,Dormant
R07812,0,Champions
R07813,1,Dormant
R07814,1,Dormant
R07815,2,At-Risk
R07816,0,Champions
R07817,3,Loyal Riders
R07818,0,Champions
R07819,0,Champions
R07820,1,Dormant
R07821,1,Dormant
R07822,3,Loyal Riders
R07823,1,Dormant
R07824,2,At-Risk
R07825,1,Dormant
R07826,1,Dormant
R07827,2,At-Risk
R07829,2,At-Risk
R07830,0,Champions
R07831,0,Champions
R07832,1,Dormant
R07833,2,At-Risk
R07834,1,Dormant
R07835,2,At-Risk
R07836,2,At-Risk
R07838,2,At-Risk
R07839,0,Champions
R07840,2,At-Risk
R07841,0,Champions
R07842,2,At-Risk
R07843,2,At-Risk
R07844,2,At-Risk
R07845,0,Champions
R07846,0,Champions
R07847,0,Champions
R07848,1,Dormant
R07849,1,Dormant
R07850,2,At-Risk
R07853,2,At-Risk
R07854,0,Champions
R07855,0,Champions
R07856,1,Dormant
R07857,2,At-Risk
R07858,2,At-Risk
R07859,2,At-Risk
R07860,0,Champions
R07861,0,Champions
R07862,2,At-Risk
R07863,0,Champions
R07864,0,Champions
R07865,0,Champions
R07866,0,Champions
R07867,0,Champions
R07868,0,Champions
R07869,2,At-Risk
R07870,2,At-Risk
R07871,0,Champions
R07872,0,Champions
R07873,1,Dormant
R07874,1,Dormant
R07875,1,Dormant
R07876,0,Champions
R07879,3,Loyal Riders
R07880,2,At-Risk
R07881,2,At-Risk
R07882,3,Loyal Riders
R07884,0,Champions
R07885,0,Champions
R07886,2,At-Risk
R07887,2,At-Risk
R07888,2,At-Risk
R07889,3,Loyal Riders
R07890,1,Dormant
R07892,0,Champions
R07893,2,At-Risk
R07894,2,At-Risk
R07895,2,At-Risk
R07896,0,Champions
R07897,0,Champions
R07898,3,Loyal Riders
R07899,0,Champions
R07900,0,Champions
R07901,0,Champions
R07902,2,At-Risk
R07903,2,At-Risk
R07904,1,Dormant
R07906,0,Champions
R07907,0,Champions
R07908,0,Champions
R07909,2,At-Risk
R07910,3,Loyal Riders
R07911,1,Dormant
R07912,0,Champions
R07914,0,Champions
R07915,0,Champions
R07916,2,At-Risk
R07917,1,Dormant
R07919,1,Dormant
R07920,1,Dormant
R07921,0,Champions
R07922,2,At-Risk
R07923,2,At-Risk
R07924,0,Champions
R07925,1,Dormant
R07926,2,At-Risk
R07927,3,Loyal Riders
R07928,0,Champions
R07930,3,Loyal Riders
R07931,2,At-Risk
R07932,0,Champions
R07933,2,At-Risk
R07934,2,At-Risk
R07935,0,Champions
R07936,0,Champions
R07937,1,Dormant
R07938,2,At-Risk
R07939,0,Champions
R07940,2,At-Risk
R07941,0,Champions
R07942,2,At-Risk
R07943,0,Champions
R07944,2,At-Risk
R07945,1,Dormant
R07946,2,At-Risk
R07947,0,Champions
R07948,2,At-Risk
R07949,2,At-Risk
R07951,0,Champions
R07952,2,At-Risk
R07953,2,At-Risk
R07954,2,At-Risk
R07955,0,Champions
R07956,3,Loyal Riders
R07957,0,Champions
R07958,2,At-Risk
R07959,1,Dormant
R07960,1,Dormant
R07961,0,Champions
R07962,2,At-Risk
R07963,1,Dormant
R07964,2,At-Risk
R07965,0,Champions
R07966,0,Champions
R07967,2,At-Risk
R07968,0,Champions
R07969,1,Dormant
R07970,2,At-Risk
R07971,0,Champions
R07972,1,Dormant
R07973,0,Champions
R07974,2,At-Risk
R07975,1,Dormant
R07976,1,Dormant
R07978,0,Champions
R07979,0,Champions
R07980,0,Champions
R07981,0,Champions
R07982,2,At-Risk
R07983,0,Champions
R07985,0,Champions
R07986,0,Champions
R07987,0,Champions
R07988,0,Champions
R07989,2,At-Risk
R07990,3,Loyal Riders
R07991,2,At-Risk
R07992,0,Champions
R07993,0,Champions
R07996,0,Champions
R07997,2,At-Risk
R07998,2,At-Risk
R07999,2,At-Risk
R08000,2,At-Risk
R08001,2,At-Risk
R08002,0,Champions
R08003,0,Champions
R08004,2,At-Risk
R08005,0,Champions
R08006,0,Champions
R08007,1,Dormant
R08008,2,At-Risk
R08009,0,Champions
R08010,1,Dormant
R08011,0,Champions
R08012,0,Champions
R08013,0,Champions
R08014,2,At-Risk
R08015,2,At-Risk
R08016,0,Champions
R08017,2,At-Risk
R08019,0,Champions
R08020,0,Champions
R08022,1,Dormant
R08023,0,Champions
R08024,2,At-Risk
R08025,2,At-Risk
R08026,0,Champions
R08028,0,Champions
R08029,3,Loyal Riders
R08031,0,Champions
R08032,2,At-Risk
R08033,2,At-Risk
R08034,2,At-Risk
R08035,1,Dormant
R08037,0,Champions
R08038,1,Dormant
R08039,2,At-Risk
R08040,2,At-Risk
R08041,0,Champions
R08042,1,Dormant
R08043,0,Champions
R08044,2,At-Risk
R08047,1,Dormant
R08049,0,Champions
R08051,0,Champions
R08052,2,At-Risk
R08053,0,Champions
R08054,1,Dormant
R08055,1,Dormant
R08056,2,At-Risk
R08057,1,Dormant
R08058,2,At-Risk
R08059,2,At-Risk
R08062,1,Dormant
R08063,2,At-Risk
R08064,0,Champions
R08065,2,At-Risk
R08066,0,Champions
R08067,1,Dormant
R08068,2,At-Risk
R08069,0,Champions
R08070,0,Champions
R08071,2,At-Risk
R08072,0,Champions
R08073,2,At-Risk
R08074,2,At-Risk
R08075,2,At-Risk
R08076,3,Loyal Riders
R08077,0,Champions
R08078,2,At-Risk
R08079,2,At-Risk
R08080,2,At-Risk
R08081,2,At-Risk
R08082,1,Dormant
R08084,0,Champions
R08085,0,Champions
R08087,2,At-Risk
R08088,0,Champions
R08090,0,Champions
R08091,2,At-Risk
R08092,1,Dormant
R08093,2,At-Risk
R08094,2,At-Risk
R08095,0,Champions
R08096,1,Dormant
R08097,1,Dormant
R08098,2,At-Risk
R08099,0,Champions
R08100,2,At-Risk
R08101,2,At-Risk
R08102,1,Dormant
R08105,1,Dormant
R08106,1,Dormant
R08107,1,Dormant
R08108,1,Dormant
R08109,1,Dormant
R08110,2,At-Risk
R08112,0,Champions
R08113,0,Champions
R08114,1,Dormant
R08115,2,At-Risk
R08116,1,Dormant
R08117,0,Champions
R08119,2,At-Risk
R08120,0,Champions
R08122,3,Loyal Riders
R08123,0,Champions
R08124,2,At-Risk
R08125,1,Dormant
R08126,0,Champions
R08127,2,At-Risk
R08128,2,At-Risk
R08130,0,Champions
R08131,3,Loyal Riders
R08132,2,At-Risk
R08133,0,Champions
R08134,1,Dormant
R08135,0,Champions
R08136,2,At-Risk
R08137,1,Dormant
R08138,2,At-Risk
R08141,0,Champions
R08142,0,Champions
R08143,2,At-Risk
R08144,2,At-Risk
R08145,2,At-Risk
R08146,1,Dormant
R08147,2,At-Risk
R08148,2,At-Risk
R08149,2,At-Risk
R08150,0,Champions
R08151,1,Dormant
R08152,0,Champions
R08153,0,Champions
R08154,1,Dormant
R08155,3,Loyal Riders
R08156,0,Champions
R08157,0,Champions
R08158,3,Loyal Riders
R08159,3,Loyal Riders
R08160,2,At-Risk
R08161,2,At-Risk
R08162,2,At-Risk
R08163,0,Champions
R08164,3,Loyal Riders
R08165,0,Champions
R08167,0,Champions
R08168,2,At-Risk
R08169,2,At-Risk
R08170,1,Dormant
R08171,2,At-Risk
R08172,1,Dormant
R08173,1,Dormant
R08174,0,Champions
R08175,2,At-Risk
R08177,1,Dormant
R08179,1,Dormant
R08180,0,Champions
R08181,2,At-Risk
R08182,0,Champions
R08184,2,At-Risk
R08185,0,Champions
R08186,0,Champions
R08187,3,Loyal Riders
R08188,2,At-Risk
R08189,3,Loyal Riders
R08190,0,Champions
R08191,2,At-Risk
R08192,2,At-Risk
R08193,3,Loyal Riders
R08195,0,Champions
R08196,2,At-Risk
R08197,2,At-Risk
R08198,0,Champions
R08199,0,Champions
R08200,0,Champions
R08201,0,Champions
R08202,3,Loyal Riders
R08203,2,At-Risk
R08204,0,Champions
R08205,2,At-Risk
R08206,2,At-Risk
R08207,1,Dormant
R08208,3,Loyal Riders
R08209,0,Champions
R08210,1,Dormant
R08211,0,Champions
R08212,2,At-Risk
R08213,1,Dormant
R08214,2,At-Risk
R08215,2,At-Risk
R08216,1,Dormant
R08217,2,At-Risk
R08218,0,Champions
R08220,0,Champions
R08221,1,Dormant
R08222,0,Champions
R08223,1,Dormant
R08225,0,Champions
R08226,0,Champions
R08227,2,At-Risk
R08228,2,At-Risk
R08230,2,At-Risk
R08231,2,At-Risk
R08232,1,Dormant
R08234,2,At-Risk
R08235,0,Champions
R08236,0,Champions
R08237,0,Champions
R08238,2,At-Risk
R08239,2,At-Risk
R08240,0,Champions
R08241,2,At-Risk
R08242,0,Champions
R08243,0,Champions
R08244,2,At-Risk
R08245,3,Loyal Riders
R08246,0,Champions
R08248,0,Champions
R08249,0,Champions
R08250,1,Dormant
R08251,1,Dormant
R08252,0,Champions
R08253,2,At-Risk
R08254,0,Champions
R08255,0,Champions
R08256,0,Champions
R08257,0,Champions
R08259,0,Champions
R08260,3,Loyal Riders
R08261,0,Champions
R08262,2,At-Risk
R08263,3,Loyal Riders
R08265,1,Dormant
R08266,0,Champions
R08267,1,Dormant
R08268,1,Dormant
R08269,2,At-Risk
R08270,0,Champions
R08271,0,Champions
R08272,2,At-Risk
R08273,0,Champions
R08274,0,Champions
R08275,0,Champions
R08276,2,At-Risk
R08277,2,At-Risk
R08278,0,Champions
R08279,0,Champions
R08280,0,Champions
R08281,0,Champions
R08282,2,At-Risk
R08283,2,At-Risk
R08284,2,At-Risk
R08285,2,At-Risk
R08287,1,Dormant
R08288,0,Champions
R08289,2,At-Risk
R08290,0,Champions
R08291,3,Loyal Riders
R08293,2,At-Risk
R08294,1,Dormant
R08295,0,Champions
R08296,0,Champions
R08297,2,At-Risk
R08298,1,Dormant
R08300,0,Champions
R08301,1,Dormant
R08302,0,Champions
R08303,2,At-Risk
R08304,1,Dormant
R08305,2,At-Risk
R08306,1,Dormant
R08307,0,Champions
R08308,1,Dormant
R08309,0,Champions
R08310,2,At-Risk
R08311,0,Champions
R08313,2,At-Risk
R08314,0,Champions
R08315,0,Champions
R08316,0,Champions
R08317,2,At-Risk
R08318,2,At-Risk
R08319,2,At-Risk
R08321,2,At-Risk
R08322,0,Champions
R08323,0,Champions
R08324,1,Dormant
R08325,0,Champions
R08326,2,At-Risk
R08327,2,At-Risk
R08328,0,Champions
R08329,1,Dormant
R08330,0,Champions
R08331,2,At-Risk
R08332,0,Champions
R08333,3,Loyal Riders
R08334,2,At-Risk
R08335,3,Loyal Riders
R08337,2,At-Risk
R08338,1,Dormant
R08339,0,Champions
R08340,1,Dormant
R08341,1,Dormant
R08342,2,At-Risk
R08343,0,Champions
R08344,3,Loyal Riders
R08345,2,At-Risk
R08346,0,Champions
R08347,2,At-Risk
R08348,3,Loyal Riders
R08349,1,Dormant
R08350,0,Champions
R08351,2,At-Risk
R08352,1,Dormant
R08353,2,At-Risk
R08354,2,At-Risk
R08355,0,Champions
R08356,1,Dormant
R08357,0,Champions
R08358,2,At-Risk
R08359,2,At-Risk
R08360,2,At-Risk
R08361,1,Dormant
R08362,2,At-Risk
R08364,0,Champions
R08365,0,Champions
R08366,3,Loyal Riders
R08367,2,At-Risk
R08368,1,Dormant
R08369,1,Dormant
R08370,0,Champions
R08371,0,Champions
R08372,2,At-Risk
R08373,2,At-Risk
R08374,1,Dormant
R08375,2,At-Risk
R08376,2,At-Risk
R08377,0,Champions
R08378,0,Champions
R08379,0,Champions
R08380,0,Champions
R08381,0,Champions
R08382,0,Champions
R08383,0,Champions
R08384,0,Champions
R08385,2,At-Risk
R08386,0,Champions
R08387,0,Champions
R08388,0,Champions
R08389,0,Champions
R08390,1,Dormant
R08391,0,Champions
R08392,2,At-Risk
R08393,1,Dormant
R08394,0,Champions
R08395,0,Champions
R08396,0,Champions
R08397,2,At-Risk
R08398,1,Dormant
R08399,2,At-Risk
R08401,0,Champions
R08403,2,At-Risk
R08404,3,Loyal Riders
R08405,0,Champions
R08406,0,Champions
R08407,1,Dormant
R08408,2,At-Risk
R08411,2,At-Risk
R08412,0,Champions
R08413,1,Dormant
R08414,2,At-Risk
R08415,0,Champions
R08416,1,Dormant
R08417,0,Champions
R08418,0,Champions
R08419,2,At-Risk
R08420,2,At-Risk
R08421,2,At-Risk
R08422,2,At-Risk
R08423,2,At-Risk
R08424,2,At-Risk
R08425,3,Loyal Riders
R08426,2,At-Risk
R08427,2,At-Risk
R08428,0,Champions
R08429,1,Dormant
R08430,2,At-Risk
R08431,0,Champions
R08433,0,Champions
R08434,3,Loyal Riders
R08435,0,Champions
R08436,0,Champions
R08437,2,At-Risk
R08438,0,Champions
R08439,0,Champions
R08440,0,Champions
R08441,0,Champions
R08444,0,Champions
R08445,0,Champions
R08446,0,Champions
R08447,2,At-Risk
R08448,0,Champions
R08449,2,At-Risk
R08450,1,Dormant
R08451,1,Dormant
R08453,2,At-Risk
R08456,2,At-Risk
R08458,0,Champions
R08459,0,Champions
R08460,1,Dormant
R08462,2,At-Risk
R08463,2,At-Risk
R08464,0,Champions
R08465,0,Champions
R08466,2,At-Risk
R08467,0,Champions
R08468,2,At-Risk
R08469,1,Dormant
R08471,0,Champions
R08472,2,At-Risk
R08473,1,Dormant
R08474,2,At-Risk
R08475,3,Loyal Riders
R08476,0,Champions
R08477,2,At-Risk
R08478,0,Champions
R08479,1,Dormant
R08480,1,Dormant
R08481,0,Champions
R08482,2,At-Risk
R08483,1,Dormant
R08484,0,Champions
R08485,3,Loyal Riders
R08486,2,At-Risk
R08487,1,Dormant
R08488,0,Champions
R08489,2,At-Risk
R08490,0,Champions
R08491,0,Champions
R08492,2,At-Risk
R08493,1,Dormant
R08494,2,At-Risk
R08495,2,At-Risk
R08496,0,Champions
R08497,0,Champions
R08498,1,Dormant
R08499,0,Champions
R08500,3,Loyal Riders
R08501,2,At-Risk
R08502,2,At-Risk
R08503,2,At-Risk
R08504,2,At-Risk
R08506,2,At-Risk
R08507,3,Loyal Riders
R08508,2,At-Risk
R08510,1,Dormant
R08512,1,Dormant
R08513,2,At-Risk
R08514,0,Champions
R08515,1,Dormant
R08516,2,At-Risk
R08517,0,Champions
R08518,2,At-Risk
R08519,0,Champions
R08520,2,At-Risk
R08521,1,Dormant
R08522,0,Champions
R08523,2,At-Risk
R08524,2,At-Risk
R08525,3,Loyal Riders
R08527,0,Champions
R08528,2,At-Risk
R08529,2,At-Risk
R08530,1,Dormant
R08531,2,At-Risk
R08532,2,At-Risk
R08535,2,At-Risk
R08537,2,At-Risk
R08538,0,Champions
R08539,2,At-Risk
R08540,2,At-Risk
R08542,1,Dormant
R08543,2,At-Risk
R08544,1,Dormant
R08545,3,Loyal Riders
R08546,1,Dormant
R08547,0,Champions
R08548,1,Dormant
R08549,0,Champions
R08550,1,Dormant
R08551,0,Champions
R08552,2,At-Risk
R08553,0,Champions
R08554,2,At-Risk
R08555,1,Dormant
R08556,2,At-Risk
R08558,1,Dormant
R08559,2,At-Risk
R08560,0,Champions
R08561,0,Champions
R08562,0,Champions
R08563,2,At-Risk
R08564,0,Champions
R08566,1,Dormant
R08568,3,Loyal Riders
R08569,2,At-Risk
R08570,2,At-Risk
R08571,0,Champions
R08572,2,At-Risk
R08573,0,Champions
R08574,0,Champions
R08575,0,Champions
R08576,2,At-Risk
R08577,2,At-Risk
R08578,0,Champions
R08579,2,At-Risk
R08580,2,At-Risk
R08581,2,At-Risk
R08582,1,Dormant
R08584,1,Dormant
R08586,2,At-Risk
R08587,1,Dormant
R08588,2,At-Risk
R08589,0,Champions
R08590,2,At-Risk
R08591,1,Dormant
R08594,2,At-Risk
R08595,2,At-Risk
R08596,3,Loyal Riders
R08597,0,Champions
R08598,2,At-Risk
R08599,0,Champions
R08601,0,Champions
R08602,1,Dormant
R08603,3,Loyal Riders
R08604,0,Champions
R08605,2,At-Risk
R08606,0,Champions
R08607,0,Champions
R08608,2,At-Risk
R08609,0,Champions
R08610,2,At-Risk
R08611,2,At-Risk
R08612,1,Dormant
R08613,3,Loyal Riders
R08614,3,Loyal Riders
R08615,1,Dormant
R08616,0,Champions
R08617,2,At-Risk
R08618,2,At-Risk
R08619,0,Champions
R08620,2,At-Risk
R08621,0,Champions
R08622,2,At-Risk
R08623,1,Dormant
R08624,0,Champions
R08625,2,At-Risk
R08627,1,Dormant
R08628,2,At-Risk
R08629,0,Champions
R08630,2,At-Risk
R08631,2,At-Risk
R08632,3,Loyal Riders
R08633,0,Champions
R08634,0,Champions
R08635,1,Dormant
R08636,2,At-Risk
R08637,2,At-Risk
R08638,0,Champions
R08639,2,At-Risk
R08640,1,Dormant
R08641,3,Loyal Riders
R08642,1,Dormant
R08644,0,Champions
R08645,0,Champions
R08646,2,At-Risk
R08647,2,At-Risk
R08648,1,Dormant
R08649,1,Dormant
R08650,0,Champions
R08651,2,At-Risk
R08652,0,Champions
R08653,0,Champions
R08655,0,Champions
R08656,2,At-Risk
R08657,1,Dormant
R08658,0,Champions
R08659,2,At-Risk
R08660,0,Champions
R08661,3,Loyal Riders
R08662,0,Champions
R08663,0,Champions
R08664,1,Dormant
R08665,1,Dormant
R08666,2,At-Risk
R08667,0,Champions
R08668,3,Loyal Riders
R08669,0,Champions
R08670,2,At-Risk
R08671,2,At-Risk
R08672,2,At-Risk
R08673,0,Champions
R08674,0,Champions
R08675,1,Dormant
R08676,2,At-Risk
R08677,1,Dormant
R08679,2,At-Risk
R08680,2,At-Risk
R08681,2,At-Risk
R08682,0,Champions
R08683,2,At-Risk
R08684,0,Champions
R08685,0,Champions
R08687,2,At-Risk
R08688,2,At-Risk
R08689,0,Champions
R08690,0,Champions
R08691,1,Dormant
R08692,1,Dormant
R08693,0,Champions
R08695,0,Champions
R08696,1,Dormant
R08697,0,Champions
R08698,2,At-Risk
R08699,0,Champions
R08700,2,At-Risk
R08701,0,Champions
R08702,1,Dormant
R08703,1,Dormant
R08705,2,At-Risk
R08706,2,At-Risk
R08707,2,At-Risk
R08708,0,Champions
R08709,2,At-Risk
R08710,0,Champions
R08711,2,At-Risk
R08712,2,At-Risk
R08713,2,At-Risk
R08714,1,Dormant
R08715,2,At-Risk
R08716,0,Champions
R08717,0,Champions
R08718,2,At-Risk
R08719,0,Champions
R08720,2,At-Risk
R08721,0,Champions
R08722,3,Loyal Riders
R08723,0,Champions
R08724,2,At-Risk
R08725,2,At-Risk
R08726,1,Dormant
R08728,1,Dormant
R08729,3,Loyal Riders
R08730,0,Champions
R08731,0,Champions
R08732,0,Champions
R08733,1,Dormant
R08734,1,Dormant
R08735,0,Champions
R08736,2,At-Risk
R08737,2,At-Risk
R08738,2,At-Risk
R08739,1,Dormant
R08740,0,Champions
R08741,2,At-Risk
R08742,2,At-Risk
R08743,1,Dormant
R08744,2,At-Risk
R08745,3,Loyal Riders
R08746,1,Dormant
R08748,0,Champions
R08749,1,Dormant
R08750,0,Champions
R08751,0,Champions
R08752,1,Dormant
R08753,1,Dormant
R08754,0,Champions
R08755,1,Dormant
R08756,0,Champions
R08757,1,Dormant
R08758,0,Champions
R08759,2,At-Risk
R08760,2,At-Risk
R08761,0,Champions
R08762,0,Champions
R08763,1,Dormant
R08764,2,At-Risk
R08765,0,Champions
R08766,0,Champions
R08767,2,At-Risk
R08768,0,Champions
R08769,1,Dormant
R08770,0,Champions
R08771,1,Dormant
R08773,0,Champions
R08774,0,Champions
R08775,0,Champions
R08776,0,Champions
R08777,0,Champions
R08778,3,Loyal Riders
R08779,0,Champions
R08780,0,Champions
R08781,3,Loyal Riders
R08782,2,At-Risk
R08783,2,At-Risk
R08784,2,At-Risk
R08785,0,Champions
R08787,2,At-Risk
R08788,1,Dormant
R08789,2,At-Risk
R08790,2,At-Risk
R08791,0,Champions
R08792,0,Champions
R08794,0,Champions
R08795,0,Champions
R08796,2,At-Risk
R08797,1,Dormant
R08798,0,Champions
R08799,1,Dormant
R08801,0,Champions
R08802,2,At-Risk
R08803,2,At-Risk
R08804,2,At-Risk
R08805,0,Champions
R08806,2,At-Risk
R08807,2,At-Risk
R08808,1,Dormant
R08809,1,Dormant
R08810,0,Champions
R08811,2,At-Risk
R08812,0,Champions
R08813,0,Champions
R08814,2,At-Risk
R08815,2,At-Risk
R08816,0,Champions
R08817,2,At-Risk
R08818,0,Champions
R08819,0,Champions
R08820,3,Loyal Riders
R08821,1,Dormant
R08822,2,At-Risk
R08823,1,Dormant
R08824,2,At-Risk
R08825,0,Champions
R08826,0,Champions
R08827,0,Champions
R08828,2,At-Risk
R08830,1,Dormant
R08831,1,Dormant
R08833,2,At-Risk
R08834,1,Dormant
R08835,1,Dormant
R08836,3,Loyal Riders
R08837,1,Dormant
R08838,2,At-Risk
R08840,2,At-Risk
R08841,3,Loyal Riders
R08842,1,Dormant
R08843,3,Loyal Riders
R08844,0,Champions
R08845,2,At-Risk
R08846,1,Dormant
R08847,0,Champions
R08848,0,Champions
R08850,0,Champions
R08851,1,Dormant
R08852,0,Champions
R08853,1,Dormant
R08854,1,Dormant
R08855,2,At-Risk
R08856,1,Dormant
R08858,2,At-Risk
R08859,0,Champions
R08860,2,At-Risk
R08861,0,Champions
R08862,1,Dormant
R08863,3,Loyal Riders
R08864,1,Dormant
R08865,1,Dormant
R08867,0,Champions
R08868,0,Champions
R08869,1,Dormant
R08870,2,At-Risk
R08872,0,Champions
R08873,2,At-Risk
R08874,0,Champions
R08875,2,At-Risk
R08876,2,At-Risk
R08877,1,Dormant
R08878,2,At-Risk
R08879,2,At-Risk
R08880,2,At-Risk
R08881,0,Champions
R08882,0,Champions
R08883,0,Champions
R08884,1,Dormant
R08885,0,Champions
R08886,2,At-Risk
R08888,2,At-Risk
R08890,3,Loyal Riders
R08891,2,At-Risk
R08892,0,Champions
R08893,0,Champions
R08894,0,Champions
R08896,0,Champions
R08897,0,Champions
R08898,1,Dormant
R08899,0,Champions
R08900,2,At-Risk
R08901,1,Dormant
R08902,0,Champions
R08903,3,Loyal Riders
R08904,2,At-Risk
R08905,3,Loyal Riders
R08906,1,Dormant
R08907,1,Dormant
R08908,0,Champions
R08909,2,At-Risk
R08910,2,At-Risk
R08911,0,Champions
R08912,0,Champions
R08913,2,At-Risk
R08915,1,Dormant
R08916,1,Dormant
R08919,1,Dormant
R08920,2,At-Risk
R08921,0,Champions
R08922,0,Champions
R08923,2,At-Risk
R08924,0,Champions
R08926,2,At-Risk
R08927,1,Dormant
R08928,2,At-Risk
R08929,0,Champions
R08930,0,Champions
R08931,0,Champions
R08932,2,At-Risk
R08933,2,At-Risk
R08934,2,At-Risk
R08935,1,Dormant
R08936,1,Dormant
R08937,2,At-Risk
R08939,2,At-Risk
R08940,3,Loyal Riders
R08941,1,Dormant
R08942,0,Champions
R08943,2,At-Risk
R08944,0,Champions
R08945,2,At-Risk
R08946,1,Dormant
R08947,2,At-Risk
R08949,0,Champions
R08950,0,Champions
R08951,2,At-Risk
R08952,0,Champions
R08953,2,At-Risk
R08954,2,At-Risk
R08955,2,At-Risk
R08956,0,Champions
R08957,0,Champions
R08958,2,At-Risk
R08959,3,Loyal Riders
R08960,2,At-Risk
R08961,2,At-Risk
R08964,2,At-Risk
R08965,0,Champions
R08966,2,At-Risk
R08967,3,Loyal Riders
R08968,0,Champions
R08969,3,Loyal Riders
R08970,1,Dormant
R08971,1,Dormant
R08972,0,Champions
R08973,1,Dormant
R08974,2,At-Risk
R08975,0,Champions
R08976,1,Dormant
R08977,2,At-Risk
R08978,2,At-Risk
R08979,0,Champions
R08980,0,Champions
R08981,1,Dormant
R08982,0,Champions
R08983,2,At-Risk
R08984,2,At-Risk
R08985,0,Champions
R08986,0,Champions
R08988,0,Champions
R08989,2,At-Risk
R08990,2,At-Risk
R08991,2,At-Risk
R08992,1,Dormant
R08993,1,Dormant
R08994,2,At-Risk
R08995,1,Dormant
R08996,0,Champions
R08998,2,At-Risk
R08999,0,Champions
R09000,2,At-Risk
R09001,1,Dormant
R09002,0,Champions
R09003,0,Champions
R09004,2,At-Risk
R09005,2,At-Risk
R09008,2,At-Risk
R09009,2,At-Risk
R09010,0,Champions
R09011,2,At-Risk
R09012,0,Champions
R09013,0,Champions
R09014,2,At-Risk
R09015,2,At-Risk
R09016,2,At-Risk
R09017,1,Dormant
R09018,3,Loyal Riders
R09019,0,Champions
R09020,0,Champions
R09021,0,Champions
R09022,1,Dormant
R09023,0,Champions
R09024,2,At-Risk
R09025,3,Loyal Riders
R09026,2,At-Risk
R09027,1,Dormant
R09030,2,At-Risk
R09031,2,At-Risk
R09032,2,At-Risk
R09033,0,Champions
R09034,2,At-Risk
R09035,2,At-Risk
R09037,0,Champions
R09038,2,At-Risk
R09039,1,Dormant
R09040,2,At-Risk
R09041,0,Champions
R09042,0,Champions
R09043,2,At-Risk
R09044,2,At-Risk
R09045,1,Dormant
R09046,0,Champions
R09048,3,Loyal Riders
R09049,2,At-Risk
R09050,0,Champions
R09051,2,At-Risk
R09052,1,Dormant
R09053,3,Loyal Riders
R09054,1,Dormant
R09055,2,At-Risk
R09056,3,Loyal Riders
R09057,2,At-Risk
R09058,2,At-Risk
R09059,0,Champions
R09060,0,Champions
R09061,1,Dormant
R09062,0,Champions
R09063,0,Champions
R09064,1,Dormant
R09065,2,At-Risk
R09067,2,At-Risk
R09068,0,Champions
R09069,0,Champions
R09070,2,At-Risk
R09071,2,At-Risk
R09072,2,At-Risk
R09074,0,Champions
R09075,2,At-Risk
R09076,1,Dormant
R09077,0,Champions
R09078,0,Champions
R09079,0,Champions
R09080,1,Dormant
R09081,1,Dormant
R09082,0,Champions
R09083,0,Champions
R09084,2,At-Risk
R09085,0,Champions
R09086,0,Champions
R09087,2,At-Risk
R09088,1,Dormant
R09089,1,Dormant
R09090,0,Champions
R09091,2,At-Risk
R09092,2,At-Risk
R09093,0,Champions
R09094,0,Champions
R09095,3,Loyal Riders
R09096,2,At-Risk
R09097,0,Champions
R09098,0,Champions
R09099,2,At-Risk
R09100,2,At-Risk
R09101,1,Dormant
R09102,1,Dormant
R09104,2,At-Risk
R09105,1,Dormant
R09106,0,Champions
R09107,0,Champions
R09108,3,Loyal Riders
R09109,0,Champions
R09110,1,Dormant
R09112,1,Dormant
R09113,1,Dormant
R09114,2,At-Risk
R09115,1,Dormant
R09116,1,Dormant
R09117,2,At-Risk
R09118,0,Champions
R09119,0,Champions
R09120,2,At-Risk
R09121,1,Dormant
R09122,1,Dormant
R09124,1,Dormant
R09125,2,At-Risk
R09126,2,At-Risk
R09127,1,Dormant
R09128,0,Champions
R09129,3,Loyal Riders
R09130,1,Dormant
R09131,2,At-Risk
R09132,0,Champions
R09134,0,Champions
R09135,2,At-Risk
R09136,2,At-Risk
R09137,2,At-Risk
R09138,0,Champions
R09139,1,Dormant
R09140,0,Champions
R09141,0,Champions
R09142,0,Champions
R09143,3,Loyal Riders
R09144,0,Champions
R09145,2,At-Risk
R09146,2,At-Risk
R09147,1,Dormant
R09148,2,At-Risk
R09149,1,Dormant
R09151,0,Champions
R09152,1,Dormant
R09153,0,Champions
R09154,2,At-Risk
R09155,1,Dormant
R09156,2,At-Risk
R09157,1,Dormant
R09158,0,Champions
R09160,0,Champions
R09161,2,At-Risk
R09162,2,At-Risk
R09163,2,At-Risk
R09164,1,Dormant
R09165,2,At-Risk
R09166,0,Champions
R09167,2,At-Risk
R09168,2,At-Risk
R09169,1,Dormant
R09170,1,Dormant
R09171,2,At-Risk
R09172,1,Dormant
R09174,2,At-Risk
R09175,2,At-Risk
R09176,3,Loyal Riders
R09177,0,Champions
R09179,2,At-Risk
R09180,2,At-Risk
R09181,0,Champions
R09182,0,Champions
R09183,2,At-Risk
R09184,0,Champions
R09185,2,At-Risk
R09186,2,At-Risk
R09187,0,Champions
R09188,0,Champions
R09189,0,Champions
R09191,0,Champions
R09192,1,Dormant
R09193,0,Champions
R09194,2,At-Risk
R09195,0,Champions
R09196,2,At-Risk
R09197,2,At-Risk
R09198,2,At-Risk
R09199,0,Champions
R09200,0,Champions
R09201,2,At-Risk
R09202,0,Champions
R09203,2,At-Risk
R09204,0,Champions
R09205,2,At-Risk
R09206,0,Champions
R09207,2,At-Risk
R09208,2,At-Risk
R09209,1,Dormant
R09210,0,Champions
R09211,2,At-Risk
R09212,2,At-Risk
R09213,0,Champions
R09214,1,Dormant
R09215,0,Champions
R09216,2,At-Risk
R09217,0,Champions
R09218,2,At-Risk
R09221,0,Champions
R09222,2,At-Risk
R09223,2,At-Risk
R09224,2,At-Risk
R09225,0,Champions
R09226,3,Loyal Riders
R09227,0,Champions
R09228,2,At-Risk
R09229,3,Loyal Riders
R09230,0,Champions
R09231,2,At-Risk
R09233,1,Dormant
R09234,0,Champions
R09235,0,Champions
R09236,1,Dormant
R09237,0,Champions
R09238,1,Dormant
R09239,2,At-Risk
R09240,2,At-Risk
R09241,2,At-Risk
R09242,1,Dormant
R09243,1,Dormant
R09244,2,At-Risk
R09245,2,At-Risk
R09246,1,Dormant
R09247,0,Champions
R09249,0,Champions
R09250,1,Dormant
R09251,0,Champions
R09252,1,Dormant
R09253,2,At-Risk
R09254,0,Champions
R09256,2,At-Risk
R09257,0,Champions
R09259,2,At-Risk
R09260,0,Champions
R09261,2,At-Risk
R09262,2,At-Risk
R09263,2,At-Risk
R09264,3,Loyal Riders
R09265,3,Loyal Riders
R09266,0,Champions
R09267,0,Champions
R09268,0,Champions
R09269,1,Dormant
R09270,3,Loyal Riders
R09271,1,Dormant
R09273,0,Champions
R09276,0,Champions
R09277,2,At-Risk
R09278,0,Champions
R09279,0,Champions
R09280,0,Champions
R09281,2,At-Risk
R09282,2,At-Risk
R09284,0,Champions
R09286,0,Champions
R09288,1,Dormant
R09289,0,Champions
R09291,0,Champions
R09292,1,Dormant
R09293,0,Champions
R09295,0,Champions
R09296,1,Dormant
R09298,1,Dormant
R09299,0,Champions
R09300,2,At-Risk
R09301,0,Champions
R09302,2,At-Risk
R09303,0,Champions
R09304,0,Champions
R09305,0,Champions
R09306,0,Champions
R09307,1,Dormant
R09308,0,Champions
R09309,0,Champions
R09310,1,Dormant
R09311,2,At-Risk
R09312,2,At-Risk
R09313,0,Champions
R09314,0,Champions
R09315,2,At-Risk
R09316,0,Champions
R09317,2,At-Risk
R09318,2,At-Risk
R09319,0,Champions
R09320,0,Champions
R09321,0,Champions
R09322,3,Loyal Riders
R09323,2,At-Risk
R09324,2,At-Risk
R09325,1,Dormant
R09326,1,Dormant
R09327,0,Champions
R09328,1,Dormant
R09329,1,Dormant
R09330,0,Champions
R09331,1,Dormant
R09332,1,Dormant
R09333,0,Champions
R09334,2,At-Risk
R09335,1,Dormant
R09336,0,Champions
R09337,0,Champions
R09338,0,Champions
R09339,2,At-Risk
R09340,0,Champions
R09341,2,At-Risk
R09342,0,Champions
R09343,2,At-Risk
R09344,2,At-Risk
R09345,2,At-Risk
R09346,2,At-Risk
R09347,1,Dormant
R09348,0,Champions
R09349,2,At-Risk
R09350,3,Loyal Riders
R09351,2,At-Risk
R09352,1,Dormant
R09353,2,At-Risk
R09354,0,Champions
R09355,1,Dormant
R09356,0,Champions
R09357,0,Champions
R09358,2,At-Risk
R09360,0,Champions
R09361,1,Dormant
R09362,0,Champions
R09363,0,Champions
R09364,2,At-Risk
R09365,2,At-Risk
R09366,2,At-Risk
R09367,2,At-Risk
R09368,1,Dormant
R09369,1,Dormant
R09370,1,Dormant
R09371,0,Champions
R09372,0,Champions
R09373,3,Loyal Riders
R09374,2,At-Risk
R09375,2,At-Risk
R09376,0,Champions
R09377,2,At-Risk
R09378,0,Champions
R09379,0,Champions
R09381,2,At-Risk
R09383,2,At-Risk
R09384,0,Champions
R09385,2,At-Risk
R09386,2,At-Risk
R09387,0,Champions
R09388,2,At-Risk
R09389,3,Loyal Riders
R09390,0,Champions
R09391,2,At-Risk
R09392,2,At-Risk
R09393,0,Champions
R09394,0,Champions
R09395,1,Dormant
R09396,0,Champions
R09397,0,Champions
R09398,1,Dormant
R09399,2,At-Risk
R09400,2,At-Risk
R09401,2,At-Risk
R09402,1,Dormant
R09403,2,At-Risk
R09404,0,Champions
R09405,2,At-Risk
R09406,2,At-Risk
R09407,2,At-Risk
R09408,1,Dormant
R09409,2,At-Risk
R09411,2,At-Risk
R09412,2,At-Risk
R09413,1,Dormant
R09414,0,Champions
R09415,1,Dormant
R09416,0,Champions
R09417,2,At-Risk
R09418,3,Loyal Riders
R09419,2,At-Risk
R09420,0,Champions
R09421,0,Champions
R09422,3,Loyal Riders
R09423,0,Champions
R09424,0,Champions
R09426,0,Champions
R09427,2,At-Risk
R09428,0,Champions
R09429,1,Dormant
R09430,2,At-Risk
R09431,2,At-Risk
R09432,2,At-Risk
R09433,2,At-Risk
R09434,2,At-Risk
R09435,1,Dormant
R09436,3,Loyal Riders
R09437,0,Champions
R09438,0,Champions
R09439,0,Champions
R09440,0,Champions
R09441,2,At-Risk
R09442,0,Champions
R09443,0,Champions
R09444,2,At-Risk
R09445,1,Dormant
R09446,2,At-Risk
R09447,0,Champions
R09448,2,At-Risk
R09449,3,Loyal Riders
R09450,1,Dormant
R09451,2,At-Risk
R09452,0,Champions
R09453,0,Champions
R09454,3,Loyal Riders
R09455,3,Loyal Riders
R09456,2,At-Risk
R09457,1,Dormant
R09458,2,At-Risk
R09459,1,Dormant
R09460,0,Champions
R09461,1,Dormant
R09462,2,At-Risk
R09463,2,At-Risk
R09464,0,Champions
R09465,1,Dormant
R09466,0,Champions
R09467,2,At-Risk
R09468,2,At-Risk
R09469,2,At-Risk
R09470,1,Dormant
R09471,2,At-Risk
R09472,0,Champions
R09473,2,At-Risk
R09474,2,At-Risk
R09475,0,Champions
R09476,1,Dormant
R09477,2,At-Risk
R09479,3,Loyal Riders
R09480,1,Dormant
R09481,2,At-Risk
R09482,0,Champions
R09483,2,At-Risk
R09484,2,At-Risk
R09485,2,At-Risk
R09486,0,Champions
R09487,0,Champions
R09488,2,At-Risk
R09489,1,Dormant
R09491,2,At-Risk
R09492,0,Champions
R09494,1,Dormant
R09495,2,At-Risk
R09496,0,Champions
R09499,0,Champions
R09500,3,Loyal Riders
R09501,1,Dormant
R09503,2,At-Risk
R09505,2,At-Risk
R09506,2,At-Risk
R09507,1,Dormant
R09508,1,Dormant
R09509,0,Champions
R09510,1,Dormant
R09511,2,At-Risk
R09512,1,Dormant
R09513,1,Dormant
R09514,0,Champions
R09515,0,Champions
R09516,2,At-Risk
R09517,0,Champions
R09518,3,Loyal Riders
R09519,3,Loyal Riders
R09520,1,Dormant
R09521,2,At-Risk
R09522,2,At-Risk
R09523,2,At-Risk
R09524,1,Dormant
R09525,0,Champions
R09527,1,Dormant
R09528,0,Champions
R09529,2,At-Risk
R09530,0,Champions
R09531,2,At-Risk
R09532,0,Champions
R09533,0,Champions
R09534,0,Champions
R09535,2,At-Risk
R09536,2,At-Risk
R09537,0,Champions
R09538,0,Champions
R09539,2,At-Risk
R09540,1,Dormant
R09541,0,Champions
R09542,2,At-Risk
R09543,2,At-Risk
R09544,2,At-Risk
R09545,2,At-Risk
R09546,0,Champions
R09547,2,At-Risk
R09548,2,At-Risk
R09549,2,At-Risk
R09550,2,At-Risk
R09551,2,At-Risk
R09552,0,Champions
R09553,1,Dormant
R09554,0,Champions
R09555,2,At-Risk
R09556,0,Champions
R09558,1,Dormant
R09559,2,At-Risk
R09560,0,Champions
R09561,0,Champions
R09562,2,At-Risk
R09563,2,At-Risk
R09564,0,Champions
R09565,0,Champions
R09566,1,Dormant
R09567,0,Champions
R09568,1,Dormant
R09569,1,Dormant
R09570,0,Champions
R09572,2,At-Risk
R09573,2,At-Risk
R09574,3,Loyal Riders
R09575,2,At-Risk
R09576,2,At-Risk
R09577,1,Dormant
R09578,1,Dormant
R09579,1,Dormant
R09580,2,At-Risk
R09581,2,At-Risk
R09582,2,At-Risk
R09583,2,At-Risk
R09584,2,At-Risk
R09585,2,At-Risk
R09586,2,At-Risk
R09587,0,Champions
R09588,0,Champions
R09589,0,Champions
R09590,2,At-Risk
R09591,0,Champions
R09592,1,Dormant
R09593,2,At-Risk
R09594,2,At-Risk
R09595,0,Champions
R09596,1,Dormant
R09597,0,Champions
R09598,0,Champions
R09599,2,At-Risk
R09600,3,Loyal Riders
R09601,1,Dormant
R09602,2,At-Risk
R09603,2,At-Risk
R09604,0,Champions
R09605,0,Champions
R09606,1,Dormant
R09608,2,At-Risk
R09609,1,Dormant
R09610,0,Champions
R09611,2,At-Risk
R09612,2,At-Risk
R09613,2,At-Risk
R09614,0,Champions
R09615,0,Champions
R09616,0,Champions
R09617,3,Loyal Riders
R09618,2,At-Risk
R09619,0,Champions
R09620,0,Champions
R09621,0,Champions
R09622,2,At-Risk
R09623,2,At-Risk
R09625,0,Champions
R09626,2,At-Risk
R09627,2,At-Risk
R09628,0,Champions
R09629,2,At-Risk
R09630,2,At-Risk
R09631,3,Loyal Riders
R09632,0,Champions
R09633,1,Dormant
R09634,1,Dormant
R09635,2,At-Risk
R09636,3,Loyal Riders
R09637,0,Champions
R09638,2,At-Risk
R09640,0,Champions
R09641,2,At-Risk
R09642,0,Champions
R09643,1,Dormant
R09644,3,Loyal Riders
R09645,2,At-Risk
R09646,2,At-Risk
R09647,0,Champions
R09648,3,Loyal Riders
R09649,0,Champions
R09650,0,Champions
R09651,0,Champions
R09652,2,At-Risk
R09653,3,Loyal Riders
R09654,0,Champions
R09655,1,Dormant
R09656,0,Champions
R09658,1,Dormant
R09659,0,Champions
R09660,0,Champions
R09661,1,Dormant
R09664,2,At-Risk
R09666,0,Champions
R09667,2,At-Risk
R09668,2,At-Risk
R09669,2,At-Risk
R09670,0,Champions
R09671,0,Champions
R09672,1,Dormant
R09673,0,Champions
R09674,0,Champions
R09675,1,Dormant
R09676,2,At-Risk
R09677,1,Dormant
R09678,0,Champions
R09679,0,Champions
R09680,0,Champions
R09681,2,At-Risk
R09682,1,Dormant
R09683,1,Dormant
R09684,1,Dormant
R09685,0,Champions
R09687,2,At-Risk
R09688,0,Champions
R09689,2,At-Risk
R09690,0,Champions
R09691,1,Dormant
R09692,0,Champions
R09693,2,At-Risk
R09694,1,Dormant
R09695,0,Champions
R09696,0,Champions
R09697,2,At-Risk
R09698,2,At-Risk
R09699,2,At-Risk
R09700,0,Champions
R09701,0,Champions
R09702,1,Dormant
R09703,0,Champions
R09705,1,Dormant
R09706,1,Dormant
R09707,2,At-Risk
R09708,0,Champions
R09709,1,Dormant
R09710,0,Champions
R09712,3,Loyal Riders
R09713,0,Champions
R09714,3,Loyal Riders
R09716,1,Dormant
R09717,1,Dormant
R09718,2,At-Risk
R09719,2,At-Risk
R09720,0,Champions
R09722,0,Champions
R09723,2,At-Risk
R09724,0,Champions
R09725,3,Loyal Riders
R09726,2,At-Risk
R09727,1,Dormant
R09728,2,At-Risk
R09729,2,At-Risk
R09730,1,Dormant
R09731,0,Champions
R09732,1,Dormant
R09733,2,At-Risk
R09734,2,At-Risk
R09735,2,At-Risk
R09736,0,Champions
R09737,1,Dormant
R09738,0,Champions
R09739,2,At-Risk
R09740,2,At-Risk
R09741,3,Loyal Riders
R09743,0,Champions
R09744,2,At-Risk
R09745,0,Champions
R09746,2,At-Risk
R09748,0,Champions
R09749,1,Dormant
R09750,0,Champions
R09751,2,At-Risk
R09752,2,At-Risk
R09754,2,At-Risk
R09755,2,At-Risk
R09756,3,Loyal Riders
R09757,2,At-Risk
R09758,2,At-Risk
R09759,2,At-Risk
R09760,2,At-Risk
R09761,1,Dormant
R09762,1,Dormant
R09763,2,At-Risk
R09764,0,Champions
R09765,2,At-Risk
R09766,0,Champions
R09767,0,Champions
R09768,2,At-Risk
R09769,2,At-Risk
R09770,1,Dormant
R09771,0,Champions
R09772,2,At-Risk
R09773,2,At-Risk
R09774,0,Champions
R09775,1,Dormant
R09776,2,At-Risk
R09777,2,At-Risk
R09779,2,At-Risk
R09780,2,At-Risk
R09781,2,At-Risk
R09782,0,Champions
R09783,0,Champions
R09784,2,At-Risk
R09785,3,Loyal Riders
R09786,3,Loyal Riders
R09787,1,Dormant
R09788,0,Champions
R09789,0,Champions
R09790,1,Dormant
R09791,2,At-Risk
R09792,2,At-Risk
R09793,0,Champions
R09794,2,At-Risk
R09795,0,Champions
R09796,0,Champions
R09797,0,Champions
R09798,1,Dormant
R09799,2,At-Risk
R09800,2,At-Risk
R09801,2,At-Risk
R09803,2,At-Risk
R09804,0,Champions
R09805,2,At-Risk
R09806,0,Champions
R09807,0,Champions
R09808,1,Dormant
R09809,2,At-Risk
R09810,0,Champions
R09811,2,At-Risk
R09812,1,Dormant
R09813,0,Champions
R09814,0,Champions
R09815,1,Dormant
R09816,2,At-Risk
R09817,2,At-Risk
R09819,2,At-Risk
R09820,1,Dormant
R09821,0,Champions
R09822,3,Loyal Riders
R09823,0,Champions
R09824,1,Dormant
R09825,0,Champions
R09827,2,At-Risk
R09829,1,Dormant
R09830,2,At-Risk
R09831,2,At-Risk
R09832,0,Champions
R09833,3,Loyal Riders
R09835,1,Dormant
R09836,0,Champions
R09837,2,At-Risk
R09838,2,At-Risk
R09839,2,At-Risk
R09840,2,At-Risk
R09841,1,Dormant
R09842,1,Dormant
R09843,0,Champions
R09844,2,At-Risk
R09845,0,Champions
R09846,0,Champions
R09847,3,Loyal Riders
R09848,1,Dormant
R09849,0,Champions
R09850,2,At-Risk
R09851,1,Dormant
R09852,1,Dormant
R09853,0,Champions
R09854,1,Dormant
R09855,0,Champions
R09856,0,Champions
R09857,2,At-Risk
R09858,0,Champions
R09861,0,Champions
R09862,1,Dormant
R09863,2,At-Risk
R09865,2,At-Risk
R09866,2,At-Risk
R09867,0,Champions
R09868,1,Dormant
R09869,0,Champions
R09870,0,Champions
R09871,0,Champions
R09872,2,At-Risk
R09873,2,At-Risk
R09874,0,Champions
R09875,2,At-Risk
R09876,2,At-Risk
R09877,2,At-Risk
R09878,2,At-Risk
R09879,2,At-Risk
R09880,0,Champions
R09882,0,Champions
R09883,0,Champions
R09884,0,Champions
R09885,2,At-Risk
R09886,2,At-Risk
R09887,0,Champions
R09888,2,At-Risk
R09889,1,Dormant
R09890,2,At-Risk
R09891,1,Dormant
R09892,2,At-Risk
R09893,0,Champions
R09894,2,At-Risk
R09895,2,At-Risk
R09896,0,Champions
R09897,0,Champions
R09898,2,At-Risk
R09900,1,Dormant
R09901,2,At-Risk
R09902,0,Champions
R09904,3,Loyal Riders
R09905,0,Champions
R09906,1,Dormant
R09907,0,Champions
R09908,0,Champions
R09909,2,At-Risk
R09910,0,Champions
R09911,0,Champions
R09912,0,Champions
R09913,2,At-Risk
R09915,0,Champions
R09916,1,Dormant
R09917,1,Dormant
R09918,3,Loyal Riders
R09919,3,Loyal Riders
R09921,1,Dormant
R09922,1,Dormant
R09923,3,Loyal Riders
R09924,1,Dormant
R09925,2,At-Risk
R09926,0,Champions
R09927,3,Loyal Riders
R09928,2,At-Risk
R09929,2,At-Risk
R09930,2,At-Risk
R09931,1,Dormant
R09932,0,Champions
R09933,0,Champions
R09934,2,At-Risk
R09935,2,At-Risk
R09936,0,Champions
R09938,0,Champions
R09939,0,Champions
R09940,0,Champions
R09941,0,Champions
R09942,2,At-Risk
R09944,2,At-Risk
R09945,2,At-Risk
R09946,2,At-Risk
R09947,2,At-Risk
R09948,0,Champions
R09949,2,At-Risk
R09951,1,Dormant
R09952,2,At-Risk
R09953,3,Loyal Riders
R09954,1,Dormant
R09955,1,Dormant
R09956,0,Champions
R09957,3,Loyal Riders
R09959,0,Champions
R09960,0,Champions
R09961,2,At-Risk
R09962,0,Champions
R09963,2,At-Risk
R09964,2,At-Risk
R09965,1,Dormant
R09966,3,Loyal Riders
R09967,1,Dormant
R09968,2,At-Risk
R09969,3,Loyal Riders
R09970,0,Champions
R09972,0,Champions
R09973,0,Champions
R09974,0,Champions
R09975,2,At-Risk
R09976,0,Champions
R09977,1,Dormant
R09978,1,Dormant
R09979,2,At-Risk
R09980,0,Champions
R09981,2,At-Risk
R09982,1,Dormant
R09984,0,Champions
R09985,0,Champions
R09986,1,Dormant
R09987,2,At-Risk
R09988,1,Dormant
R09989,0,Champions
R09990,2,At-Risk
R09991,2,At-Risk
R09992,2,At-Risk
R09993,2,At-Risk
R09994,0,Champions
R09996,2,At-Risk
R09998,0,Champions
